task,snr_resel,noise_seed,accuracy_pct
four-class,10,20260929,32.276119402985074
four-class,10,20260930,34.32835820895522
four-class,10,20261001,28.171641791044777
four-class,15,20260929,31.716417910447763
four-class,15,20260930,33.3955223880597
four-class,15,20261001,33.02238805970149
four-class,20,20260929,29.291044776119403
four-class,20,20260930,30.970149253731343
four-class,20,20261001,32.46268656716418
four-class,30,20260929,37.12686567164179
four-class,30,20260930,36.007462686567166
four-class,30,20261001,35.634328358208954
four-class,50,20260929,41.417910447761194
four-class,50,20260930,39.55223880597015
four-class,50,20261001,37.6865671641791
four-class,80,20260929,41.417910447761194
four-class,80,20260930,38.80597014925373
four-class,80,20261001,39.55223880597015
EX0–EX1,10,20260929,52.61194029850746
EX0–EX1,10,20260930,51.11940298507462
EX0–EX1,10,20261001,48.134328358208954
EX0–EX1,15,20260929,53.73134328358209
EX0–EX1,15,20260930,56.71641791044776
EX0–EX1,15,20261001,51.11940298507462
EX0–EX1,20,20260929,53.73134328358209
EX0–EX1,20,20260930,56.71641791044776
EX0–EX1,20,20261001,48.88059701492538
EX0–EX1,30,20260929,56.343283582089555
EX0–EX1,30,20260930,51.49253731343284
EX0–EX1,30,20261001,50.373134328358205
EX0–EX1,50,20260929,55.970149253731336
EX0–EX1,50,20260930,51.865671641791046
EX0–EX1,50,20261001,50.74626865671642
EX0–EX1,80,20260929,52.23880597014925
EX0–EX1,80,20260930,49.62686567164179
EX0–EX1,80,20261001,51.11940298507462
EX0–EX2,10,20260929,50.0
EX0–EX2,10,20260930,55.970149253731336
EX0–EX2,10,20261001,53.73134328358209
EX0–EX2,15,20260929,51.49253731343284
EX0–EX2,15,20260930,54.850746268656714
EX0–EX2,15,20261001,57.08955223880597
EX0–EX2,20,20260929,54.1044776119403
EX0–EX2,20,20260930,57.83582089552238
EX0–EX2,20,20261001,61.56716417910447
EX0–EX2,30,20260929,57.83582089552238
EX0–EX2,30,20260930,58.582089552238806
EX0–EX2,30,20261001,61.19402985074627
EX0–EX2,50,20260929,61.19402985074627
EX0–EX2,50,20260930,59.70149253731343
EX0–EX2,50,20261001,63.43283582089553
EX0–EX2,80,20260929,61.940298507462686
EX0–EX2,80,20260930,62.31343283582089
EX0–EX2,80,20261001,63.43283582089553
EX0–EX3,10,20260929,58.95522388059702
EX0–EX3,10,20260930,58.2089552238806
EX0–EX3,10,20261001,54.1044776119403
EX0–EX3,15,20260929,57.46268656716418
EX0–EX3,15,20260930,58.95522388059702
EX0–EX3,15,20261001,56.71641791044776
EX0–EX3,20,20260929,61.940298507462686
EX0–EX3,20,20260930,56.71641791044776
EX0–EX3,20,20261001,58.582089552238806
EX0–EX3,30,20260929,66.04477611940298
EX0–EX3,30,20260930,62.68656716417911
EX0–EX3,30,20261001,63.059701492537314
EX0–EX3,50,20260929,67.16417910447761
EX0–EX3,50,20260930,65.67164179104478
EX0–EX3,50,20261001,63.80597014925373
EX0–EX3,80,20260929,67.16417910447761
EX0–EX3,80,20260930,64.92537313432835
EX0–EX3,80,20261001,69.02985074626866
EX1–EX2,10,20260929,54.1044776119403
EX1–EX2,10,20260930,52.23880597014925
EX1–EX2,10,20261001,54.1044776119403
EX1–EX2,15,20260929,53.35820895522389
EX1–EX2,15,20260930,56.343283582089555
EX1–EX2,15,20261001,58.582089552238806
EX1–EX2,20,20260929,55.59701492537313
EX1–EX2,20,20260930,55.970149253731336
EX1–EX2,20,20261001,55.223880597014926
EX1–EX2,30,20260929,61.19402985074627
EX1–EX2,30,20260930,58.2089552238806
EX1–EX2,30,20261001,56.343283582089555
EX1–EX2,50,20260929,63.059701492537314
EX1–EX2,50,20260930,61.940298507462686
EX1–EX2,50,20261001,61.56716417910447
EX1–EX2,80,20260929,66.04477611940298
EX1–EX2,80,20260930,64.55223880597015
EX1–EX2,80,20261001,67.53731343283582
EX1–EX3,10,20260929,60.447761194029844
EX1–EX3,10,20260930,52.23880597014925
EX1–EX3,10,20261001,49.25373134328358
EX1–EX3,15,20260929,59.70149253731343
EX1–EX3,15,20260930,55.223880597014926
EX1–EX3,15,20261001,53.73134328358209
EX1–EX3,20,20260929,58.582089552238806
EX1–EX3,20,20260930,61.940298507462686
EX1–EX3,20,20261001,58.2089552238806
EX1–EX3,30,20260929,62.68656716417911
EX1–EX3,30,20260930,65.67164179104478
EX1–EX3,30,20261001,64.92537313432835
EX1–EX3,50,20260929,69.02985074626866
EX1–EX3,50,20260930,66.04477611940298
EX1–EX3,50,20261001,66.04477611940298
EX1–EX3,80,20260929,69.02985074626866
EX1–EX3,80,20260930,66.7910447761194
EX1–EX3,80,20261001,69.02985074626866
EX2–EX3,10,20260929,62.31343283582089
EX2–EX3,10,20260930,67.16417910447761
EX2–EX3,10,20261001,65.29850746268657
EX2–EX3,15,20260929,67.53731343283582
EX2–EX3,15,20260930,66.4179104477612
EX2–EX3,15,20261001,67.91044776119402
EX2–EX3,20,20260929,68.65671641791045
EX2–EX3,20,20260930,66.7910447761194
EX2–EX3,20,20261001,66.04477611940298
EX2–EX3,30,20260929,70.8955223880597
EX2–EX3,30,20260930,69.40298507462687
EX2–EX3,30,20261001,68.28358208955224
EX2–EX3,50,20260929,74.6268656716418
EX2–EX3,50,20260930,73.13432835820896
EX2–EX3,50,20261001,70.8955223880597
EX2–EX3,80,20260929,73.13432835820896
EX2–EX3,80,20260930,73.50746268656717
EX2–EX3,80,20261001,69.40298507462687
