task,snr_resel,accuracy_pct,ci_low_pct,ci_high_pct,delta_pp,delta_ci_low_pp,delta_ci_high_pp,n_test,n_bundles,n_noise_realizations
four-class,10,31.592039800995025,29.291044776119403,33.95522388059701,-20.08706467661691,-24.191542288557216,-15.982587064676618,536,134,3
four-class,15,32.71144278606965,30.286069651741286,35.19900497512438,-18.967661691542286,-23.134328358208954,-14.738805970149254,536,134,3
four-class,20,30.90796019900498,28.48258706467662,33.333333333333336,-20.771144278606958,-24.75124378109453,-16.728855721393042,536,134,3
four-class,30,36.25621890547263,33.64427860696518,38.8681592039801,-15.422885572139306,-19.527363184079604,-11.318407960199,536,134,3
four-class,50,39.55223880597015,36.878109452736325,42.22636815920398,-12.12686567164179,-15.920398009950244,-8.333333333333337,536,134,3
four-class,80,39.92537313432835,37.3134328358209,42.53731343283582,-11.75373134328358,-15.796019900497521,-7.649253731343281,536,134,3
EX0–EX1,10,50.62189054726368,47.01492537313433,54.22885572139303,-7.213930348258701,-12.686567164179108,-1.8656716417910446,268,134,3
EX0–EX1,15,53.85572139303482,50.373134328358205,57.33830845771144,-3.9800995024875663,-9.203980099502495,1.1194029850746356,268,134,3
EX0–EX1,20,53.109452736318396,49.00497512437811,57.08955223880597,-4.726368159203986,-10.447761194029848,0.8706467661691586,268,134,3
EX0–EX1,30,52.73631840796019,48.88059701492538,56.59203980099501,-5.099502487562191,-10.074626865671643,-0.12437810945272743,268,134,3
EX0–EX1,50,52.86069651741294,49.12935323383084,56.59203980099502,-4.975124378109442,-9.825870646766171,-0.12437810945273853,268,134,3
EX0–EX1,80,50.99502487562189,47.38805970149254,54.60199004975126,-6.8407960199004965,-11.940298507462687,-1.741293532338306,268,134,3
EX0–EX2,10,53.23383084577114,49.875621890547265,56.59203980099503,-17.288557213930357,-22.512437810945272,-12.064676616915426,268,134,3
EX0–EX2,15,54.47761194029851,50.995024875621894,57.83582089552238,-16.044776119402982,-20.895522388059696,-11.194029850746269,268,134,3
EX0–EX2,20,57.83582089552238,54.228855721393046,61.31840796019902,-12.686567164179108,-17.7860696517413,-7.711442786069645,268,134,3
EX0–EX2,30,59.20398009950247,55.970149253731336,62.43781094527362,-11.318407960199018,-16.16915422885572,-6.467661691542292,268,134,3
EX0–EX2,50,61.44278606965173,57.83582089552238,64.92537313432835,-9.079601990049756,-13.93034825870647,-4.35323383084577,268,134,3
EX0–EX2,80,62.56218905472637,59.203980099502495,65.92039800995025,-7.960199004975122,-12.935323383084574,-2.9850746268656803,268,134,3
EX0–EX3,10,57.08955223880597,53.482587064676615,60.696517412935314,-20.895522388059696,-26.368159203980102,-15.298507462686572,268,134,3
EX0–EX3,15,57.711442786069654,54.35323383084578,60.9452736318408,-20.273631840796014,-25.87064676616915,-14.67661691542289,268,134,3
EX0–EX3,20,59.07960199004977,55.84577114427861,62.18905472636816,-18.9054726368159,-24.12935323383084,-13.681592039801005,268,134,3
EX0–EX3,30,63.93034825870646,60.447761194029844,67.41293532338308,-14.054726368159209,-19.1542288557214,-8.955223880597007,268,134,3
EX0–EX3,50,65.54726368159206,62.43781094527362,68.65671641791045,-12.43781094527362,-17.288557213930346,-7.587064676616906,268,134,3
EX0–EX3,80,67.03980099502488,63.927238805970156,70.27363184079601,-10.945273631840791,-15.796019900497505,-6.094527363184077,268,134,3
EX1–EX2,10,53.482587064676615,50.49751243781094,56.46766169154228,-23.756218905472636,-29.104477611940293,-18.40796019900498,268,134,3
EX1–EX2,15,56.09452736318408,52.86069651741294,59.32835820895522,-21.144278606965173,-26.119402985074625,-16.044776119402993,268,134,3
EX1–EX2,20,55.59701492537313,52.23880597014924,59.079601990049746,-21.641791044776117,-26.61691542288559,-16.666666666666664,268,134,3
EX1–EX2,30,58.582089552238806,54.97512437810944,62.18905472636816,-18.656716417910445,-23.38308457711442,-14.054726368159198,268,134,3
EX1–EX2,50,62.18905472636816,58.582089552238806,65.7960199004975,-15.049751243781085,-19.90049751243782,-10.074626865671643,268,134,3
EX1–EX2,80,66.04477611940298,62.18905472636816,69.90049751243781,-11.194029850746269,-16.044776119402982,-6.343283582089554,268,134,3
EX1–EX3,10,53.980099502487555,50.373134328358205,57.587064676616905,-26.243781094527375,-31.71641791044776,-20.895522388059696,268,134,3
EX1–EX3,15,56.21890547263681,52.73631840796019,59.82587064676616,-24.004975124378113,-29.35323383084577,-18.781094527363184,268,134,3
EX1–EX3,20,59.57711442786068,56.21890547263683,62.93532338308459,-20.64676616915425,-25.74626865671642,-15.54726368159205,268,134,3
EX1–EX3,30,64.42786069651743,61.19402985074627,67.66169154228855,-15.796019900497505,-21.144278606965162,-10.447761194029848,268,134,3
EX1–EX3,50,67.03980099502488,63.68159203980098,70.39800995024876,-13.184079601990051,-17.7860696517413,-8.582089552238802,268,134,3
EX1–EX3,80,68.28358208955225,64.92537313432835,71.76616915422885,-11.940298507462677,-16.791044776119403,-6.965174129353235,268,134,3
EX2–EX3,10,64.92537313432835,61.69154228855722,68.1592039800995,-20.895522388059707,-25.12437810945275,-16.666666666666664,268,134,3
EX2–EX3,15,67.28855721393036,63.80597014925373,70.64676616915423,-18.532338308457707,-23.258706467661703,-13.80597014925372,268,134,3
EX2–EX3,20,67.16417910447761,63.681592039801004,70.5223880597015,-18.656716417910445,-23.50746268656716,-13.805970149253731,268,134,3
EX2–EX3,30,69.52736318407959,66.4179104477612,72.636815920398,-16.29353233830847,-20.398009950248763,-12.064676616915426,268,134,3
EX2–EX3,50,72.88557213930348,69.65174129353234,75.9950248756219,-12.935323383084585,-16.791044776119413,-8.955223880597007,268,134,3
EX2–EX3,80,72.01492537313433,68.65671641791045,75.3731343283582,-13.805970149253731,-17.537313432835823,-10.074626865671643,268,134,3
