stage,task,snr_resel,noise_seed,model_seed,accuracy,n_test,run_dir
clean,four-class,,,42,0.5167910447761194,536,outputs/cos_lsf_snr/snr_sweep/runs/clean/z0_b15_s42/matched/EX0_EX1_EX2_EX3
clean,EX0–EX1,,,42,0.5783582089552238,268,outputs/cos_lsf_snr/snr_sweep/runs/clean/z0_b15_s42/matched/EX0_EX1
clean,EX0–EX2,,,42,0.7052238805970149,268,outputs/cos_lsf_snr/snr_sweep/runs/clean/z0_b15_s42/matched/EX0_EX2
clean,EX0–EX3,,,42,0.7798507462686567,268,outputs/cos_lsf_snr/snr_sweep/runs/clean/z0_b15_s42/matched/EX0_EX3
clean,EX1–EX2,,,42,0.7723880597014925,268,outputs/cos_lsf_snr/snr_sweep/runs/clean/z0_b15_s42/matched/EX1_EX2
clean,EX1–EX3,,,42,0.8022388059701493,268,outputs/cos_lsf_snr/snr_sweep/runs/clean/z0_b15_s42/matched/EX1_EX3
clean,EX2–EX3,,,42,0.8582089552238806,268,outputs/cos_lsf_snr/snr_sweep/runs/clean/z0_b15_s42/matched/EX2_EX3
snr10_seed20260929,four-class,10,20260929,42,0.32276119402985076,536,outputs/cos_lsf_snr/snr_sweep/runs/snr10_seed20260929/z0_b15_s42/matched/EX0_EX1_EX2_EX3
snr10_seed20260929,EX0–EX1,10,20260929,42,0.5261194029850746,268,outputs/cos_lsf_snr/snr_sweep/runs/snr10_seed20260929/z0_b15_s42/matched/EX0_EX1
snr10_seed20260929,EX0–EX2,10,20260929,42,0.5,268,outputs/cos_lsf_snr/snr_sweep/runs/snr10_seed20260929/z0_b15_s42/matched/EX0_EX2
snr10_seed20260929,EX0–EX3,10,20260929,42,0.5895522388059702,268,outputs/cos_lsf_snr/snr_sweep/runs/snr10_seed20260929/z0_b15_s42/matched/EX0_EX3
snr10_seed20260929,EX1–EX2,10,20260929,42,0.5410447761194029,268,outputs/cos_lsf_snr/snr_sweep/runs/snr10_seed20260929/z0_b15_s42/matched/EX1_EX2
snr10_seed20260929,EX1–EX3,10,20260929,42,0.6044776119402985,268,outputs/cos_lsf_snr/snr_sweep/runs/snr10_seed20260929/z0_b15_s42/matched/EX1_EX3
snr10_seed20260929,EX2–EX3,10,20260929,42,0.6231343283582089,268,outputs/cos_lsf_snr/snr_sweep/runs/snr10_seed20260929/z0_b15_s42/matched/EX2_EX3
snr10_seed20260930,four-class,10,20260930,42,0.34328358208955223,536,outputs/cos_lsf_snr/snr_sweep/runs/snr10_seed20260930/z0_b15_s42/matched/EX0_EX1_EX2_EX3
snr10_seed20260930,EX0–EX1,10,20260930,42,0.5111940298507462,268,outputs/cos_lsf_snr/snr_sweep/runs/snr10_seed20260930/z0_b15_s42/matched/EX0_EX1
snr10_seed20260930,EX0–EX2,10,20260930,42,0.5597014925373134,268,outputs/cos_lsf_snr/snr_sweep/runs/snr10_seed20260930/z0_b15_s42/matched/EX0_EX2
snr10_seed20260930,EX0–EX3,10,20260930,42,0.582089552238806,268,outputs/cos_lsf_snr/snr_sweep/runs/snr10_seed20260930/z0_b15_s42/matched/EX0_EX3
snr10_seed20260930,EX1–EX2,10,20260930,42,0.5223880597014925,268,outputs/cos_lsf_snr/snr_sweep/runs/snr10_seed20260930/z0_b15_s42/matched/EX1_EX2
snr10_seed20260930,EX1–EX3,10,20260930,42,0.5223880597014925,268,outputs/cos_lsf_snr/snr_sweep/runs/snr10_seed20260930/z0_b15_s42/matched/EX1_EX3
snr10_seed20260930,EX2–EX3,10,20260930,42,0.6716417910447762,268,outputs/cos_lsf_snr/snr_sweep/runs/snr10_seed20260930/z0_b15_s42/matched/EX2_EX3
snr10_seed20261001,four-class,10,20261001,42,0.28171641791044777,536,outputs/cos_lsf_snr/snr_sweep/runs/snr10_seed20261001/z0_b15_s42/matched/EX0_EX1_EX2_EX3
snr10_seed20261001,EX0–EX1,10,20261001,42,0.48134328358208955,268,outputs/cos_lsf_snr/snr_sweep/runs/snr10_seed20261001/z0_b15_s42/matched/EX0_EX1
snr10_seed20261001,EX0–EX2,10,20261001,42,0.5373134328358209,268,outputs/cos_lsf_snr/snr_sweep/runs/snr10_seed20261001/z0_b15_s42/matched/EX0_EX2
snr10_seed20261001,EX0–EX3,10,20261001,42,0.5410447761194029,268,outputs/cos_lsf_snr/snr_sweep/runs/snr10_seed20261001/z0_b15_s42/matched/EX0_EX3
snr10_seed20261001,EX1–EX2,10,20261001,42,0.5410447761194029,268,outputs/cos_lsf_snr/snr_sweep/runs/snr10_seed20261001/z0_b15_s42/matched/EX1_EX2
snr10_seed20261001,EX1–EX3,10,20261001,42,0.4925373134328358,268,outputs/cos_lsf_snr/snr_sweep/runs/snr10_seed20261001/z0_b15_s42/matched/EX1_EX3
snr10_seed20261001,EX2–EX3,10,20261001,42,0.6529850746268657,268,outputs/cos_lsf_snr/snr_sweep/runs/snr10_seed20261001/z0_b15_s42/matched/EX2_EX3
snr15_seed20260929,four-class,15,20260929,42,0.31716417910447764,536,outputs/cos_lsf_snr/snr_sweep/runs/snr15_seed20260929/z0_b15_s42/matched/EX0_EX1_EX2_EX3
snr15_seed20260929,EX0–EX1,15,20260929,42,0.5373134328358209,268,outputs/cos_lsf_snr/snr_sweep/runs/snr15_seed20260929/z0_b15_s42/matched/EX0_EX1
snr15_seed20260929,EX0–EX2,15,20260929,42,0.5149253731343284,268,outputs/cos_lsf_snr/snr_sweep/runs/snr15_seed20260929/z0_b15_s42/matched/EX0_EX2
snr15_seed20260929,EX0–EX3,15,20260929,42,0.5746268656716418,268,outputs/cos_lsf_snr/snr_sweep/runs/snr15_seed20260929/z0_b15_s42/matched/EX0_EX3
snr15_seed20260929,EX1–EX2,15,20260929,42,0.5335820895522388,268,outputs/cos_lsf_snr/snr_sweep/runs/snr15_seed20260929/z0_b15_s42/matched/EX1_EX2
snr15_seed20260929,EX1–EX3,15,20260929,42,0.5970149253731343,268,outputs/cos_lsf_snr/snr_sweep/runs/snr15_seed20260929/z0_b15_s42/matched/EX1_EX3
snr15_seed20260929,EX2–EX3,15,20260929,42,0.6753731343283582,268,outputs/cos_lsf_snr/snr_sweep/runs/snr15_seed20260929/z0_b15_s42/matched/EX2_EX3
snr15_seed20260930,four-class,15,20260930,42,0.333955223880597,536,outputs/cos_lsf_snr/snr_sweep/runs/snr15_seed20260930/z0_b15_s42/matched/EX0_EX1_EX2_EX3
snr15_seed20260930,EX0–EX1,15,20260930,42,0.5671641791044776,268,outputs/cos_lsf_snr/snr_sweep/runs/snr15_seed20260930/z0_b15_s42/matched/EX0_EX1
snr15_seed20260930,EX0–EX2,15,20260930,42,0.5485074626865671,268,outputs/cos_lsf_snr/snr_sweep/runs/snr15_seed20260930/z0_b15_s42/matched/EX0_EX2
snr15_seed20260930,EX0–EX3,15,20260930,42,0.5895522388059702,268,outputs/cos_lsf_snr/snr_sweep/runs/snr15_seed20260930/z0_b15_s42/matched/EX0_EX3
snr15_seed20260930,EX1–EX2,15,20260930,42,0.5634328358208955,268,outputs/cos_lsf_snr/snr_sweep/runs/snr15_seed20260930/z0_b15_s42/matched/EX1_EX2
snr15_seed20260930,EX1–EX3,15,20260930,42,0.5522388059701493,268,outputs/cos_lsf_snr/snr_sweep/runs/snr15_seed20260930/z0_b15_s42/matched/EX1_EX3
snr15_seed20260930,EX2–EX3,15,20260930,42,0.664179104477612,268,outputs/cos_lsf_snr/snr_sweep/runs/snr15_seed20260930/z0_b15_s42/matched/EX2_EX3
snr15_seed20261001,four-class,15,20261001,42,0.3302238805970149,536,outputs/cos_lsf_snr/snr_sweep/runs/snr15_seed20261001/z0_b15_s42/matched/EX0_EX1_EX2_EX3
snr15_seed20261001,EX0–EX1,15,20261001,42,0.5111940298507462,268,outputs/cos_lsf_snr/snr_sweep/runs/snr15_seed20261001/z0_b15_s42/matched/EX0_EX1
snr15_seed20261001,EX0–EX2,15,20261001,42,0.5708955223880597,268,outputs/cos_lsf_snr/snr_sweep/runs/snr15_seed20261001/z0_b15_s42/matched/EX0_EX2
snr15_seed20261001,EX0–EX3,15,20261001,42,0.5671641791044776,268,outputs/cos_lsf_snr/snr_sweep/runs/snr15_seed20261001/z0_b15_s42/matched/EX0_EX3
snr15_seed20261001,EX1–EX2,15,20261001,42,0.585820895522388,268,outputs/cos_lsf_snr/snr_sweep/runs/snr15_seed20261001/z0_b15_s42/matched/EX1_EX2
snr15_seed20261001,EX1–EX3,15,20261001,42,0.5373134328358209,268,outputs/cos_lsf_snr/snr_sweep/runs/snr15_seed20261001/z0_b15_s42/matched/EX1_EX3
snr15_seed20261001,EX2–EX3,15,20261001,42,0.6791044776119403,268,outputs/cos_lsf_snr/snr_sweep/runs/snr15_seed20261001/z0_b15_s42/matched/EX2_EX3
snr20_seed20260929,four-class,20,20260929,42,0.292910447761194,536,outputs/cos_lsf_snr/snr_sweep/runs/snr20_seed20260929/z0_b15_s42/matched/EX0_EX1_EX2_EX3
snr20_seed20260929,EX0–EX1,20,20260929,42,0.5373134328358209,268,outputs/cos_lsf_snr/snr_sweep/runs/snr20_seed20260929/z0_b15_s42/matched/EX0_EX1
snr20_seed20260929,EX0–EX2,20,20260929,42,0.5410447761194029,268,outputs/cos_lsf_snr/snr_sweep/runs/snr20_seed20260929/z0_b15_s42/matched/EX0_EX2
snr20_seed20260929,EX0–EX3,20,20260929,42,0.6194029850746269,268,outputs/cos_lsf_snr/snr_sweep/runs/snr20_seed20260929/z0_b15_s42/matched/EX0_EX3
snr20_seed20260929,EX1–EX2,20,20260929,42,0.5559701492537313,268,outputs/cos_lsf_snr/snr_sweep/runs/snr20_seed20260929/z0_b15_s42/matched/EX1_EX2
snr20_seed20260929,EX1–EX3,20,20260929,42,0.585820895522388,268,outputs/cos_lsf_snr/snr_sweep/runs/snr20_seed20260929/z0_b15_s42/matched/EX1_EX3
snr20_seed20260929,EX2–EX3,20,20260929,42,0.6865671641791045,268,outputs/cos_lsf_snr/snr_sweep/runs/snr20_seed20260929/z0_b15_s42/matched/EX2_EX3
snr20_seed20260930,four-class,20,20260930,42,0.30970149253731344,536,outputs/cos_lsf_snr/snr_sweep/runs/snr20_seed20260930/z0_b15_s42/matched/EX0_EX1_EX2_EX3
snr20_seed20260930,EX0–EX1,20,20260930,42,0.5671641791044776,268,outputs/cos_lsf_snr/snr_sweep/runs/snr20_seed20260930/z0_b15_s42/matched/EX0_EX1
snr20_seed20260930,EX0–EX2,20,20260930,42,0.5783582089552238,268,outputs/cos_lsf_snr/snr_sweep/runs/snr20_seed20260930/z0_b15_s42/matched/EX0_EX2
snr20_seed20260930,EX0–EX3,20,20260930,42,0.5671641791044776,268,outputs/cos_lsf_snr/snr_sweep/runs/snr20_seed20260930/z0_b15_s42/matched/EX0_EX3
snr20_seed20260930,EX1–EX2,20,20260930,42,0.5597014925373134,268,outputs/cos_lsf_snr/snr_sweep/runs/snr20_seed20260930/z0_b15_s42/matched/EX1_EX2
snr20_seed20260930,EX1–EX3,20,20260930,42,0.6194029850746269,268,outputs/cos_lsf_snr/snr_sweep/runs/snr20_seed20260930/z0_b15_s42/matched/EX1_EX3
snr20_seed20260930,EX2–EX3,20,20260930,42,0.667910447761194,268,outputs/cos_lsf_snr/snr_sweep/runs/snr20_seed20260930/z0_b15_s42/matched/EX2_EX3
snr20_seed20261001,four-class,20,20261001,42,0.3246268656716418,536,outputs/cos_lsf_snr/snr_sweep/runs/snr20_seed20261001/z0_b15_s42/matched/EX0_EX1_EX2_EX3
snr20_seed20261001,EX0–EX1,20,20261001,42,0.48880597014925375,268,outputs/cos_lsf_snr/snr_sweep/runs/snr20_seed20261001/z0_b15_s42/matched/EX0_EX1
snr20_seed20261001,EX0–EX2,20,20261001,42,0.6156716417910447,268,outputs/cos_lsf_snr/snr_sweep/runs/snr20_seed20261001/z0_b15_s42/matched/EX0_EX2
snr20_seed20261001,EX0–EX3,20,20261001,42,0.585820895522388,268,outputs/cos_lsf_snr/snr_sweep/runs/snr20_seed20261001/z0_b15_s42/matched/EX0_EX3
snr20_seed20261001,EX1–EX2,20,20261001,42,0.5522388059701493,268,outputs/cos_lsf_snr/snr_sweep/runs/snr20_seed20261001/z0_b15_s42/matched/EX1_EX2
snr20_seed20261001,EX1–EX3,20,20261001,42,0.582089552238806,268,outputs/cos_lsf_snr/snr_sweep/runs/snr20_seed20261001/z0_b15_s42/matched/EX1_EX3
snr20_seed20261001,EX2–EX3,20,20261001,42,0.6604477611940298,268,outputs/cos_lsf_snr/snr_sweep/runs/snr20_seed20261001/z0_b15_s42/matched/EX2_EX3
snr30_seed20260929,four-class,30,20260929,42,0.3712686567164179,536,outputs/cos_lsf_snr/snr_sweep/runs/snr30_seed20260929/z0_b15_s42/matched/EX0_EX1_EX2_EX3
snr30_seed20260929,EX0–EX1,30,20260929,42,0.5634328358208955,268,outputs/cos_lsf_snr/snr_sweep/runs/snr30_seed20260929/z0_b15_s42/matched/EX0_EX1
snr30_seed20260929,EX0–EX2,30,20260929,42,0.5783582089552238,268,outputs/cos_lsf_snr/snr_sweep/runs/snr30_seed20260929/z0_b15_s42/matched/EX0_EX2
snr30_seed20260929,EX0–EX3,30,20260929,42,0.6604477611940298,268,outputs/cos_lsf_snr/snr_sweep/runs/snr30_seed20260929/z0_b15_s42/matched/EX0_EX3
snr30_seed20260929,EX1–EX2,30,20260929,42,0.6119402985074627,268,outputs/cos_lsf_snr/snr_sweep/runs/snr30_seed20260929/z0_b15_s42/matched/EX1_EX2
snr30_seed20260929,EX1–EX3,30,20260929,42,0.6268656716417911,268,outputs/cos_lsf_snr/snr_sweep/runs/snr30_seed20260929/z0_b15_s42/matched/EX1_EX3
snr30_seed20260929,EX2–EX3,30,20260929,42,0.7089552238805971,268,outputs/cos_lsf_snr/snr_sweep/runs/snr30_seed20260929/z0_b15_s42/matched/EX2_EX3
snr30_seed20260930,four-class,30,20260930,42,0.36007462686567165,536,outputs/cos_lsf_snr/snr_sweep/runs/snr30_seed20260930/z0_b15_s42/matched/EX0_EX1_EX2_EX3
snr30_seed20260930,EX0–EX1,30,20260930,42,0.5149253731343284,268,outputs/cos_lsf_snr/snr_sweep/runs/snr30_seed20260930/z0_b15_s42/matched/EX0_EX1
snr30_seed20260930,EX0–EX2,30,20260930,42,0.585820895522388,268,outputs/cos_lsf_snr/snr_sweep/runs/snr30_seed20260930/z0_b15_s42/matched/EX0_EX2
snr30_seed20260930,EX0–EX3,30,20260930,42,0.6268656716417911,268,outputs/cos_lsf_snr/snr_sweep/runs/snr30_seed20260930/z0_b15_s42/matched/EX0_EX3
snr30_seed20260930,EX1–EX2,30,20260930,42,0.582089552238806,268,outputs/cos_lsf_snr/snr_sweep/runs/snr30_seed20260930/z0_b15_s42/matched/EX1_EX2
snr30_seed20260930,EX1–EX3,30,20260930,42,0.6567164179104478,268,outputs/cos_lsf_snr/snr_sweep/runs/snr30_seed20260930/z0_b15_s42/matched/EX1_EX3
snr30_seed20260930,EX2–EX3,30,20260930,42,0.6940298507462687,268,outputs/cos_lsf_snr/snr_sweep/runs/snr30_seed20260930/z0_b15_s42/matched/EX2_EX3
snr30_seed20261001,four-class,30,20261001,42,0.35634328358208955,536,outputs/cos_lsf_snr/snr_sweep/runs/snr30_seed20261001/z0_b15_s42/matched/EX0_EX1_EX2_EX3
snr30_seed20261001,EX0–EX1,30,20261001,42,0.503731343283582,268,outputs/cos_lsf_snr/snr_sweep/runs/snr30_seed20261001/z0_b15_s42/matched/EX0_EX1
snr30_seed20261001,EX0–EX2,30,20261001,42,0.6119402985074627,268,outputs/cos_lsf_snr/snr_sweep/runs/snr30_seed20261001/z0_b15_s42/matched/EX0_EX2
snr30_seed20261001,EX0–EX3,30,20261001,42,0.6305970149253731,268,outputs/cos_lsf_snr/snr_sweep/runs/snr30_seed20261001/z0_b15_s42/matched/EX0_EX3
snr30_seed20261001,EX1–EX2,30,20261001,42,0.5634328358208955,268,outputs/cos_lsf_snr/snr_sweep/runs/snr30_seed20261001/z0_b15_s42/matched/EX1_EX2
snr30_seed20261001,EX1–EX3,30,20261001,42,0.6492537313432836,268,outputs/cos_lsf_snr/snr_sweep/runs/snr30_seed20261001/z0_b15_s42/matched/EX1_EX3
snr30_seed20261001,EX2–EX3,30,20261001,42,0.6828358208955224,268,outputs/cos_lsf_snr/snr_sweep/runs/snr30_seed20261001/z0_b15_s42/matched/EX2_EX3
snr50_seed20260929,four-class,50,20260929,42,0.4141791044776119,536,outputs/cos_lsf_snr/snr_sweep/runs/snr50_seed20260929/z0_b15_s42/matched/EX0_EX1_EX2_EX3
snr50_seed20260929,EX0–EX1,50,20260929,42,0.5597014925373134,268,outputs/cos_lsf_snr/snr_sweep/runs/snr50_seed20260929/z0_b15_s42/matched/EX0_EX1
snr50_seed20260929,EX0–EX2,50,20260929,42,0.6119402985074627,268,outputs/cos_lsf_snr/snr_sweep/runs/snr50_seed20260929/z0_b15_s42/matched/EX0_EX2
snr50_seed20260929,EX0–EX3,50,20260929,42,0.6716417910447762,268,outputs/cos_lsf_snr/snr_sweep/runs/snr50_seed20260929/z0_b15_s42/matched/EX0_EX3
snr50_seed20260929,EX1–EX2,50,20260929,42,0.6305970149253731,268,outputs/cos_lsf_snr/snr_sweep/runs/snr50_seed20260929/z0_b15_s42/matched/EX1_EX2
snr50_seed20260929,EX1–EX3,50,20260929,42,0.6902985074626866,268,outputs/cos_lsf_snr/snr_sweep/runs/snr50_seed20260929/z0_b15_s42/matched/EX1_EX3
snr50_seed20260929,EX2–EX3,50,20260929,42,0.746268656716418,268,outputs/cos_lsf_snr/snr_sweep/runs/snr50_seed20260929/z0_b15_s42/matched/EX2_EX3
snr50_seed20260930,four-class,50,20260930,42,0.39552238805970147,536,outputs/cos_lsf_snr/snr_sweep/runs/snr50_seed20260930/z0_b15_s42/matched/EX0_EX1_EX2_EX3
snr50_seed20260930,EX0–EX1,50,20260930,42,0.5186567164179104,268,outputs/cos_lsf_snr/snr_sweep/runs/snr50_seed20260930/z0_b15_s42/matched/EX0_EX1
snr50_seed20260930,EX0–EX2,50,20260930,42,0.5970149253731343,268,outputs/cos_lsf_snr/snr_sweep/runs/snr50_seed20260930/z0_b15_s42/matched/EX0_EX2
snr50_seed20260930,EX0–EX3,50,20260930,42,0.6567164179104478,268,outputs/cos_lsf_snr/snr_sweep/runs/snr50_seed20260930/z0_b15_s42/matched/EX0_EX3
snr50_seed20260930,EX1–EX2,50,20260930,42,0.6194029850746269,268,outputs/cos_lsf_snr/snr_sweep/runs/snr50_seed20260930/z0_b15_s42/matched/EX1_EX2
snr50_seed20260930,EX1–EX3,50,20260930,42,0.6604477611940298,268,outputs/cos_lsf_snr/snr_sweep/runs/snr50_seed20260930/z0_b15_s42/matched/EX1_EX3
snr50_seed20260930,EX2–EX3,50,20260930,42,0.7313432835820896,268,outputs/cos_lsf_snr/snr_sweep/runs/snr50_seed20260930/z0_b15_s42/matched/EX2_EX3
snr50_seed20261001,four-class,50,20261001,42,0.376865671641791,536,outputs/cos_lsf_snr/snr_sweep/runs/snr50_seed20261001/z0_b15_s42/matched/EX0_EX1_EX2_EX3
snr50_seed20261001,EX0–EX1,50,20261001,42,0.5074626865671642,268,outputs/cos_lsf_snr/snr_sweep/runs/snr50_seed20261001/z0_b15_s42/matched/EX0_EX1
snr50_seed20261001,EX0–EX2,50,20261001,42,0.6343283582089553,268,outputs/cos_lsf_snr/snr_sweep/runs/snr50_seed20261001/z0_b15_s42/matched/EX0_EX2
snr50_seed20261001,EX0–EX3,50,20261001,42,0.6380597014925373,268,outputs/cos_lsf_snr/snr_sweep/runs/snr50_seed20261001/z0_b15_s42/matched/EX0_EX3
snr50_seed20261001,EX1–EX2,50,20261001,42,0.6156716417910447,268,outputs/cos_lsf_snr/snr_sweep/runs/snr50_seed20261001/z0_b15_s42/matched/EX1_EX2
snr50_seed20261001,EX1–EX3,50,20261001,42,0.6604477611940298,268,outputs/cos_lsf_snr/snr_sweep/runs/snr50_seed20261001/z0_b15_s42/matched/EX1_EX3
snr50_seed20261001,EX2–EX3,50,20261001,42,0.7089552238805971,268,outputs/cos_lsf_snr/snr_sweep/runs/snr50_seed20261001/z0_b15_s42/matched/EX2_EX3
snr80_seed20260929,four-class,80,20260929,42,0.4141791044776119,536,outputs/cos_lsf_snr/snr_sweep/runs/snr80_seed20260929/z0_b15_s42/matched/EX0_EX1_EX2_EX3
snr80_seed20260929,EX0–EX1,80,20260929,42,0.5223880597014925,268,outputs/cos_lsf_snr/snr_sweep/runs/snr80_seed20260929/z0_b15_s42/matched/EX0_EX1
snr80_seed20260929,EX0–EX2,80,20260929,42,0.6194029850746269,268,outputs/cos_lsf_snr/snr_sweep/runs/snr80_seed20260929/z0_b15_s42/matched/EX0_EX2
snr80_seed20260929,EX0–EX3,80,20260929,42,0.6716417910447762,268,outputs/cos_lsf_snr/snr_sweep/runs/snr80_seed20260929/z0_b15_s42/matched/EX0_EX3
snr80_seed20260929,EX1–EX2,80,20260929,42,0.6604477611940298,268,outputs/cos_lsf_snr/snr_sweep/runs/snr80_seed20260929/z0_b15_s42/matched/EX1_EX2
snr80_seed20260929,EX1–EX3,80,20260929,42,0.6902985074626866,268,outputs/cos_lsf_snr/snr_sweep/runs/snr80_seed20260929/z0_b15_s42/matched/EX1_EX3
snr80_seed20260929,EX2–EX3,80,20260929,42,0.7313432835820896,268,outputs/cos_lsf_snr/snr_sweep/runs/snr80_seed20260929/z0_b15_s42/matched/EX2_EX3
snr80_seed20260930,four-class,80,20260930,42,0.3880597014925373,536,outputs/cos_lsf_snr/snr_sweep/runs/snr80_seed20260930/z0_b15_s42/matched/EX0_EX1_EX2_EX3
snr80_seed20260930,EX0–EX1,80,20260930,42,0.4962686567164179,268,outputs/cos_lsf_snr/snr_sweep/runs/snr80_seed20260930/z0_b15_s42/matched/EX0_EX1
snr80_seed20260930,EX0–EX2,80,20260930,42,0.6231343283582089,268,outputs/cos_lsf_snr/snr_sweep/runs/snr80_seed20260930/z0_b15_s42/matched/EX0_EX2
snr80_seed20260930,EX0–EX3,80,20260930,42,0.6492537313432836,268,outputs/cos_lsf_snr/snr_sweep/runs/snr80_seed20260930/z0_b15_s42/matched/EX0_EX3
snr80_seed20260930,EX1–EX2,80,20260930,42,0.6455223880597015,268,outputs/cos_lsf_snr/snr_sweep/runs/snr80_seed20260930/z0_b15_s42/matched/EX1_EX2
snr80_seed20260930,EX1–EX3,80,20260930,42,0.667910447761194,268,outputs/cos_lsf_snr/snr_sweep/runs/snr80_seed20260930/z0_b15_s42/matched/EX1_EX3
snr80_seed20260930,EX2–EX3,80,20260930,42,0.7350746268656716,268,outputs/cos_lsf_snr/snr_sweep/runs/snr80_seed20260930/z0_b15_s42/matched/EX2_EX3
snr80_seed20261001,four-class,80,20261001,42,0.39552238805970147,536,outputs/cos_lsf_snr/snr_sweep/runs/snr80_seed20261001/z0_b15_s42/matched/EX0_EX1_EX2_EX3
snr80_seed20261001,EX0–EX1,80,20261001,42,0.5111940298507462,268,outputs/cos_lsf_snr/snr_sweep/runs/snr80_seed20261001/z0_b15_s42/matched/EX0_EX1
snr80_seed20261001,EX0–EX2,80,20261001,42,0.6343283582089553,268,outputs/cos_lsf_snr/snr_sweep/runs/snr80_seed20261001/z0_b15_s42/matched/EX0_EX2
snr80_seed20261001,EX0–EX3,80,20261001,42,0.6902985074626866,268,outputs/cos_lsf_snr/snr_sweep/runs/snr80_seed20261001/z0_b15_s42/matched/EX0_EX3
snr80_seed20261001,EX1–EX2,80,20261001,42,0.6753731343283582,268,outputs/cos_lsf_snr/snr_sweep/runs/snr80_seed20261001/z0_b15_s42/matched/EX1_EX2
snr80_seed20261001,EX1–EX3,80,20261001,42,0.6902985074626866,268,outputs/cos_lsf_snr/snr_sweep/runs/snr80_seed20261001/z0_b15_s42/matched/EX1_EX3
snr80_seed20261001,EX2–EX3,80,20261001,42,0.6940298507462687,268,outputs/cos_lsf_snr/snr_sweep/runs/snr80_seed20261001/z0_b15_s42/matched/EX2_EX3
