model_pair,snr_resel,n_chunks,oracle_accuracy,mc_se
EX0-EX1,10,1,0.8106403614583788,0.00070174812127223
EX0-EX1,10,2,0.9141675160040145,0.0004920978189916242
EX0-EX1,10,5,0.9895991012992726,0.0001311789448064156
EX0-EX1,10,10,0.9995971997419061,1.4981394417567049e-05
EX0-EX1,10,13,0.9999435917744192,3.156254320256621e-06
EX0-EX1,10,15,0.9999834542815704,1.4509385895397784e-06
EX0-EX1,10,30,0.9999999995172942,1.876838383160758e-10
EX0-EX1,10,50,1.0,5.179186808109536e-18
EX0-EX1,10,100,1.0,4.524524717970382e-45
EX0-EX1,10,200,1.0,9.462083891168434e-111
EX0-EX1,15,1,0.862118964989663,0.0006524854238837862
EX0-EX1,15,2,0.9527161454068104,0.0003737376460164496
EX0-EX1,15,5,0.997441519665683,5.656424879564292e-05
EX0-EX1,15,10,0.9999698801269508,3.6962776174356706e-06
EX0-EX1,15,13,0.999998749197055,1.9159654210885705e-07
EX0-EX1,15,15,0.9999997416765509,7.665632486532382e-08
EX0-EX1,15,30,0.9999999999999988,9.526013454685085e-16
EX0-EX1,15,50,1.0,2.45618303156421e-32
EX0-EX1,15,100,1.0,6.531415868105602e-93
EX0-EX1,15,200,1.0,0.0
EX0-EX1,20,1,0.8944791686679294,0.0005936412742948383
EX0-EX1,20,2,0.971388487165578,0.0002880595403742479
EX0-EX1,20,5,0.9992322097772611,2.7369305056257732e-05
EX0-EX1,20,10,0.9999958821873677,1.2849009682335148e-06
EX0-EX1,20,13,0.9999999727438185,9.444897985435004e-09
EX0-EX1,20,15,0.9999999952859593,2.7507647771647536e-09
EX0-EX1,20,30,1.0,5.885471745158082e-23
EX0-EX1,20,50,1.0,2.8461386003785353e-52
EX0-EX1,20,100,1.0,9.265012007838721e-160
EX0-EX1,20,200,1.0,0.0
EX0-EX1,30,1,0.9323100210648113,0.0004863800965748527
EX0-EX1,30,2,0.9875222423402665,0.00018066564515139972
EX0-EX1,30,5,0.9998983874513226,8.287528911605699e-06
EX0-EX1,30,10,0.9999997808002709,1.6649670509585234e-07
EX0-EX1,30,13,0.9999999999934515,5.51912328489127e-12
EX0-EX1,30,15,0.9999999999995309,4.380823574495683e-13
EX0-EX1,30,30,1.0,2.283844577616962e-43
EX0-EX1,30,50,1.0,4.696516979756998e-109
EX0-EX1,30,100,1.0,0.0
EX0-EX1,30,200,1.0,0.0
EX0-EX1,50,1,0.9663416224467092,0.0003349483295513513
EX0-EX1,50,2,0.9965856314905462,8.246275905351583e-05
EX0-EX1,50,5,0.999995393666433,1.258952941753821e-06
EX0-EX1,50,10,0.9999999993620271,6.308854641505978e-10
EX0-EX1,50,13,1.0,7.024525394630149e-22
EX0-EX1,50,15,1.0,7.179433727576646e-25
EX0-EX1,50,30,1.0,2.381653829238174e-108
EX0-EX1,50,50,1.0,0.0
EX0-EX1,50,100,1.0,0.0
EX0-EX1,50,200,1.0,0.0
EX0-EX1,80,1,0.9852999966763273,0.00020836616612098313
EX0-EX1,80,2,0.9992702946439868,3.19290794886806e-05
EX0-EX1,80,5,0.9999998862236295,7.668202054702831e-08
EX0-EX1,80,10,0.9999999999999984,1.53814021556329e-15
EX0-EX1,80,13,1.0,1.113705956931013e-45
EX0-EX1,80,15,1.0,2.8142372975842913e-53
EX0-EX1,80,30,1.0,0.0
EX0-EX1,80,50,1.0,0.0
EX0-EX1,80,100,1.0,0.0
EX0-EX1,80,200,1.0,0.0
EX0-EX2,10,1,0.7971101907241204,0.000721286246411344
EX0-EX2,10,2,0.9026546470268216,0.000532008089024071
EX0-EX2,10,5,0.986526554151102,0.00015907901900139634
EX0-EX2,10,10,0.9993599576863414,2.012993994934035e-05
EX0-EX2,10,13,0.9998879472450517,6.889047592322223e-06
EX0-EX2,10,15,0.9999601402084785,3.82838633999342e-06
EX0-EX2,10,30,0.9999999964418639,1.5099316237163336e-09
EX0-EX2,10,50,0.9999999999999996,2.5397224096768074e-16
EX0-EX2,10,100,1.0,4.0777899358852806e-41
EX0-EX2,10,200,1.0,2.157712550267253e-112
EX0-EX2,15,1,0.8480591896563937,0.0006814131622114384
EX0-EX2,15,2,0.9431884081384764,0.0004170369969423068
EX0-EX2,15,5,0.9962054898365658,7.465674930140076e-05
EX0-EX2,15,10,0.9999449379647579,4.636653423679128e-06
EX0-EX2,15,13,0.9999936982989097,1.2898100945370086e-06
EX0-EX2,15,15,0.9999980604303809,5.992327466805375e-07
EX0-EX2,15,30,0.999999999999879,8.446077615912686e-14
EX0-EX2,15,50,1.0,1.2046983452066699e-28
EX0-EX2,15,100,1.0,4.98941943191163e-84
EX0-EX2,15,200,1.0,0.0
EX0-EX2,20,1,0.8809624217087718,0.0006287307248073292
EX0-EX2,20,2,0.9640043542965203,0.0003296242597769992
EX0-EX2,20,5,0.9987203371014538,3.844353170277035e-05
EX0-EX2,20,10,0.999992895652567,1.3105927058747164e-06
EX0-EX2,20,13,0.9999993607708673,2.3641836028441106e-07
EX0-EX2,20,15,0.9999998404566407,7.744764951977268e-08
EX0-EX2,20,30,1.0,1.2899048452927888e-19
EX0-EX2,20,50,1.0,9.710017419402459e-46
EX0-EX2,20,100,1.0,5.504869046229582e-144
EX0-EX2,20,200,1.0,0.0
EX0-EX2,30,1,0.920746874929468,0.0005274245989393168
EX0-EX2,30,2,0.9832168197245462,0.0002145872525283193
EX0-EX2,30,5,0.999798012590518,1.2338451567484219e-05
EX0-EX2,30,10,0.9999997793421497,9.41919168162839e-08
EX0-EX2,30,13,0.9999999936775171,3.4355337555886506e-09
EX0-EX2,30,15,0.999999999398158,3.754840141844475e-10
EX0-EX2,30,30,1.0,5.236133614872407e-36
EX0-EX2,30,50,1.0,2.1352949570559965e-94
EX0-EX2,30,100,1.0,0.0
EX0-EX2,30,200,1.0,0.0
EX0-EX2,50,1,0.958422107810794,0.0003767689612893305
EX0-EX2,50,2,0.9950053219560601,0.00010328945717562196
EX0-EX2,50,5,0.9999896827898062,1.6908625365859247e-06
EX0-EX2,50,10,0.9999999998926022,6.991513654046991e-11
EX0-EX2,50,13,0.9999999999999816,1.484460687806631e-14
EX0-EX2,50,15,1.0,3.669237852855114e-17
EX0-EX2,50,30,1.0,5.145473895730963e-88
EX0-EX2,50,50,1.0,0.0
EX0-EX2,50,100,1.0,0.0
EX0-EX2,50,200,1.0,0.0
EX0-EX2,80,1,0.980734549219788,0.000243880353849304
EX0-EX2,80,2,0.9988302540707898,4.2184840139203616e-05
EX0-EX2,80,5,0.9999998146482774,6.733486610543338e-08
EX0-EX2,80,10,1.0,4.419369323824946e-18
EX0-EX2,80,13,1.0,3.7552832066305654e-27
EX0-EX2,80,15,1.0,8.178452519347258e-34
EX0-EX2,80,30,1.0,0.0
EX0-EX2,80,50,1.0,0.0
EX0-EX2,80,100,1.0,0.0
EX0-EX2,80,200,1.0,0.0
EX0-EX3,10,1,0.8365559574104362,0.0006905618622546514
EX0-EX3,10,2,0.934396680713157,0.00044473775264867766
EX0-EX3,10,5,0.9946362004087447,9.084183267050098e-05
EX0-EX3,10,10,0.9998868230735917,6.8285691234015996e-06
EX0-EX3,10,13,0.9999872092578359,1.6578086159771023e-06
EX0-EX3,10,15,0.9999968253206111,5.273150001400318e-07
EX0-EX3,10,30,0.9999999996662854,3.2275410956501886e-10
EX0-EX3,10,50,1.0,5.826646656685705e-22
EX0-EX3,10,100,1.0,1.1348907441416835e-72
EX0-EX3,10,200,1.0,0.0
EX0-EX3,15,1,0.8837962704525042,0.0006163437746088867
EX0-EX3,15,2,0.9652392167852092,0.0003197548325161836
EX0-EX3,15,5,0.9988268667553661,3.53226159747254e-05
EX0-EX3,15,10,0.999993817173838,1.0517378660631488e-06
EX0-EX3,15,13,0.9999996487793636,1.249341876841801e-07
EX0-EX3,15,15,0.999999967727794,1.2205643394584633e-08
EX0-EX3,15,30,0.9999999999999954,4.510662061975114e-15
EX0-EX3,15,50,1.0,3.8262182215240176e-41
EX0-EX3,15,100,1.0,6.307741538066614e-155
EX0-EX3,15,200,1.0,0.0
EX0-EX3,20,1,0.9129734192167657,0.0005433213507704993
EX0-EX3,20,2,0.9797372153548065,0.00023529882685068414
EX0-EX3,20,5,0.9996853241180603,1.5246036321806165e-05
EX0-EX3,20,10,0.9999995149206856,1.4748486556897296e-07
EX0-EX3,20,13,0.9999999891923224,5.821369671063946e-09
EX0-EX3,20,15,0.9999999998039744,1.1422639360123727e-10
EX0-EX3,20,30,1.0,9.279282397682108e-22
EX0-EX3,20,50,1.0,7.0022041262776e-68
EX0-EX3,20,100,1.0,0.0
EX0-EX3,20,200,1.0,0.0
EX0-EX3,30,1,0.946750534062778,0.00042503651360076364
EX0-EX3,30,2,0.9919068878659917,0.0001365404815366825
EX0-EX3,30,5,0.9999686746605113,3.630435719211835e-06
EX0-EX3,30,10,0.999999997734412,1.0765346939880987e-09
EX0-EX3,30,13,0.9999999999976943,1.7922443016339712e-12
EX0-EX3,30,15,0.9999999999999996,3.8619987458956836e-16
EX0-EX3,30,30,1.0,1.0815385475811532e-40
EX0-EX3,30,50,1.0,4.272105055504825e-144
EX0-EX3,30,100,1.0,0.0
EX0-EX3,30,200,1.0,0.0
EX0-EX3,50,1,0.9758413851994616,0.00027391430168613353
EX0-EX3,50,2,0.9981493124599323,5.4959942165319314e-05
EX0-EX3,50,5,0.9999992497680603,3.033560793444686e-07
EX0-EX3,50,10,0.9999999999999992,6.239546195751341e-16
EX0-EX3,50,13,1.0,3.1456264438770195e-23
EX0-EX3,50,15,1.0,3.1796923161863126e-33
EX0-EX3,50,30,1.0,6.021343036157535e-101
EX0-EX3,50,50,1.0,0.0
EX0-EX3,50,100,1.0,0.0
EX0-EX3,50,200,1.0,0.0
EX0-EX3,80,1,0.9905526357828366,0.0001536871165851233
EX0-EX3,80,2,0.99968802108312,1.6729613306674617e-05
EX0-EX3,80,5,0.9999999957742473,2.570649500792623e-09
EX0-EX3,80,10,1.0,1.257800891797499e-30
EX0-EX3,80,13,1.0,4.178946450091048e-49
EX0-EX3,80,15,1.0,1.5422091460013596e-74
EX0-EX3,80,30,1.0,0.0
EX0-EX3,80,50,1.0,0.0
EX0-EX3,80,100,1.0,0.0
EX0-EX3,80,200,1.0,0.0
EX1-EX2,10,1,0.8414448127775692,0.0006481522806723656
EX1-EX2,10,2,0.9368200403170555,0.0004073671757580153
EX1-EX2,10,5,0.9947590363517274,8.125630860171445e-05
EX1-EX2,10,10,0.9998871233475024,6.386503081934412e-06
EX1-EX2,10,13,0.9999883700390318,1.0632670382967643e-06
EX1-EX2,10,15,0.999996902447767,5.837332887631791e-07
EX1-EX2,10,30,0.9999999993159506,5.127014094320888e-10
EX1-EX2,10,50,1.0,2.1272756779701003e-17
EX1-EX2,10,100,1.0,8.876941701613419e-57
EX1-EX2,10,200,1.0,1.7934700348059957e-131
EX1-EX2,15,1,0.8924421935328773,0.0005687602167330011
EX1-EX2,15,2,0.9694183890594024,0.0002789148548743993
EX1-EX2,15,5,0.9990437682023723,2.8033664298923094e-05
EX1-EX2,15,10,0.9999946356651931,1.2746230432147789e-06
EX1-EX2,15,13,0.9999998654698776,3.779296287322032e-08
EX1-EX2,15,15,0.9999999583950815,2.4458091211327652e-08
EX1-EX2,15,30,0.999999999999988,1.0456998079465343e-14
EX1-EX2,15,50,1.0,5.721602625064843e-31
EX1-EX2,15,100,1.0,3.619081821764054e-119
EX1-EX2,15,200,1.0,0.0
EX1-EX2,20,1,0.9229280506729239,0.0004902846072579009
EX1-EX2,20,2,0.9836315632761039,0.0001949134108160619
EX1-EX2,20,5,0.9997845559650906,1.0861574110061562e-05
EX1-EX2,20,10,0.9999994397308143,3.0143165901683383e-07
EX1-EX2,20,13,0.9999999985748421,7.953766216402608e-10
EX1-EX2,20,15,0.9999999994247732,4.944389273521521e-10
EX1-EX2,20,30,1.0,3.990464834157902e-21
EX1-EX2,20,50,1.0,7.515189249396558e-50
EX1-EX2,20,100,1.0,0.0
EX1-EX2,20,200,1.0,0.0
EX1-EX2,30,1,0.9564269900818188,0.00036471568129559773
EX1-EX2,30,2,0.994389539457575,0.00010190453054391948
EX1-EX2,30,5,0.9999842098958284,2.1608655927328834e-06
EX1-EX2,30,10,0.9999999889664991,7.987411327977152e-09
EX1-EX2,30,13,0.9999999999999689,2.8445033924571593e-14
EX1-EX2,30,15,0.9999999999999886,1.138347604622833e-14
EX1-EX2,30,30,1.0,2.8031719679105416e-39
EX1-EX2,30,50,1.0,1.276224793713754e-103
EX1-EX2,30,100,1.0,0.0
EX1-EX2,30,200,1.0,0.0
EX1-EX2,50,1,0.9828568215509793,0.00021242947259865025
EX1-EX2,50,2,0.9990321889502267,3.353960365173284e-05
EX1-EX2,50,5,0.999999763888094,1.4458314635634225e-07
EX1-EX2,50,10,0.9999999999998089,1.5691944092131532e-13
EX1-EX2,50,13,1.0,4.113033148159787e-28
EX1-EX2,50,15,1.0,3.3882717631735513e-29
EX1-EX2,50,30,1.0,4.900777473248857e-97
EX1-EX2,50,50,1.0,0.0
EX1-EX2,50,100,1.0,0.0
EX1-EX2,50,200,1.0,0.0
EX1-EX2,80,1,0.9945198354356338,0.00010677119894408274
EX1-EX2,80,2,0.9998908678198074,8.15296149143783e-06
EX1-EX2,80,5,0.9999999991206392,8.655263235905544e-10
EX1-EX2,80,10,1.0,1.3675754146427294e-24
EX1-EX2,80,13,1.0,1.598576538310214e-61
EX1-EX2,80,15,1.0,2.7826185573773877e-64
EX1-EX2,80,30,1.0,0.0
EX1-EX2,80,50,1.0,0.0
EX1-EX2,80,100,1.0,0.0
EX1-EX2,80,200,1.0,0.0
EX1-EX3,10,1,0.8615426867074087,0.0006585386444705174
EX1-EX3,10,2,0.9520459370533565,0.0003774518526705492
EX1-EX3,10,5,0.9973756118535603,5.785913748858312e-05
EX1-EX3,10,10,0.9999709933709658,3.2005653575276396e-06
EX1-EX3,10,13,0.9999981765476736,2.9191649393196454e-07
EX1-EX3,10,15,0.9999996642779022,9.006342928355276e-08
EX1-EX3,10,30,0.9999999999999961,2.0727762561758485e-15
EX1-EX3,10,50,1.0,1.077281330487314e-33
EX1-EX3,10,100,1.0,7.247939971647781e-75
EX1-EX3,10,200,1.0,0.0
EX1-EX3,15,1,0.9055784565978917,0.000576761022735954
EX1-EX3,15,2,0.9767158658356226,0.00025961465707477206
EX1-EX3,15,5,0.9995358398253124,2.066668221218773e-05
EX1-EX3,15,10,0.9999986485609017,5.189792151030057e-07
EX1-EX3,15,13,0.9999999908225647,3.482469395465114e-09
EX1-EX3,15,15,0.9999999992063776,4.226676806331802e-10
EX1-EX3,15,30,1.0,9.183137348726347e-27
EX1-EX3,15,50,1.0,2.145580217734544e-67
EX1-EX3,15,100,1.0,8.779615694090607e-160
EX1-EX3,15,200,1.0,0.0
EX1-EX3,20,1,0.9310186392133936,0.0005037613652873049
EX1-EX3,20,2,0.9871663389015318,0.00018670922300987437
EX1-EX3,20,5,0.9998903243935602,8.874799004429553e-06
EX1-EX3,20,10,0.9999998846623529,7.453648640220597e-08
EX1-EX3,20,13,0.9999999999776686,1.2545649127075417e-11
EX1-EX3,20,15,0.9999999999994649,3.848778248975365e-13
EX1-EX3,20,30,1.0,1.720384422774872e-42
EX1-EX3,20,50,1.0,1.8655422538483114e-114
EX1-EX3,20,100,1.0,0.0
EX1-EX3,20,200,1.0,0.0
EX1-EX3,30,1,0.9585747800093646,0.00039400512795118297
EX1-EX3,30,2,0.9951491385780024,0.00010773385437383739
EX1-EX3,30,5,0.9999894409657009,2.142744616042489e-06
EX1-EX3,30,10,0.999999999419241,5.219647730398143e-10
EX1-EX3,30,13,1.0,2.3344295723570574e-18
EX1-EX3,30,15,1.0,1.4897387655979382e-21
EX1-EX3,30,30,1.0,3.5651304573209882e-87
EX1-EX3,30,50,1.0,0.0
EX1-EX3,30,100,1.0,0.0
EX1-EX3,30,200,1.0,0.0
EX1-EX3,50,1,0.9807200128745467,0.0002652091164463326
EX1-EX3,50,2,0.99887171408285,4.719562743056797e-05
EX1-EX3,50,5,0.9999997635192457,1.0615295840579651e-07
EX1-EX3,50,10,0.9999999999999999,1.53037902433566e-16
EX1-EX3,50,13,1.0,1.8535073866602448e-39
EX1-EX3,50,15,1.0,4.286817884747328e-48
EX1-EX3,50,30,1.0,0.0
EX1-EX3,50,50,1.0,0.0
EX1-EX3,50,100,1.0,0.0
EX1-EX3,50,200,1.0,0.0
EX1-EX3,80,1,0.9915415119632275,0.00016716268641886573
EX1-EX3,80,2,0.9997656274921102,1.764958927357907e-05
EX1-EX3,80,5,0.9999999996511225,2.307987606474399e-10
EX1-EX3,80,10,1.0,3.75591118749912e-32
EX1-EX3,80,13,1.0,1.89302813175565e-90
EX1-EX3,80,15,1.0,1.8551899325975841e-112
EX1-EX3,80,30,1.0,0.0
EX1-EX3,80,50,1.0,0.0
EX1-EX3,80,100,1.0,0.0
EX1-EX3,80,200,1.0,0.0
EX2-EX3,10,1,0.8318196152537426,0.0006847726399551168
EX2-EX3,10,2,0.9304336372669602,0.00045010817913587617
EX2-EX3,10,5,0.9937867839775116,9.790441607731516e-05
EX2-EX3,10,10,0.9998481823629511,9.104137871623153e-06
EX2-EX3,10,13,0.9999831209132861,2.0735678224983848e-06
EX2-EX3,10,15,0.99999632466532,5.223223492757708e-07
EX2-EX3,10,30,0.9999999999852616,8.134950306773021e-12
EX2-EX3,10,50,1.0,8.137324248938658e-22
EX2-EX3,10,100,1.0,2.5467920798597006e-64
EX2-EX3,10,200,1.0,8.445226710949248e-159
EX2-EX3,15,1,0.8807824956864992,0.0006107149749790242
EX2-EX3,15,2,0.9632394743352611,0.00032212513366057006
EX2-EX3,15,5,0.9986224966785734,3.7934527429547146e-05
EX2-EX3,15,10,0.9999890079310803,2.4039696489579542e-06
EX2-EX3,15,13,0.9999994441857997,2.8941502873695765e-07
EX2-EX3,15,15,0.9999999688693288,1.0299901067801271e-08
EX2-EX3,15,30,1.0,7.834633227925665e-19
EX2-EX3,15,50,1.0,8.066162048151234e-41
EX2-EX3,15,100,1.0,4.228019579020959e-136
EX2-EX3,15,200,1.0,0.0
EX2-EX3,20,1,0.91129316768815,0.0005365259900719914
EX2-EX3,20,2,0.9787950619709229,0.00023450280767913807
EX2-EX3,20,5,0.9996326726056793,1.607536205039589e-05
EX2-EX3,20,10,0.9999983186405043,7.86509619663924e-07
EX2-EX3,20,13,0.999999962075794,3.476282424601087e-08
EX2-EX3,20,15,0.999999999848166,7.520313366085088e-11
EX2-EX3,20,30,1.0,1.6313460723632884e-28
EX2-EX3,20,50,1.0,2.6271596036796102e-67
EX2-EX3,20,100,1.0,0.0
EX2-EX3,20,200,1.0,0.0
EX2-EX3,30,1,0.9465961621026416,0.0004136540003422386
EX2-EX3,30,2,0.9917944902091441,0.00013079003723347847
EX2-EX3,30,5,0.9999650281968397,3.365263884379379e-06
EX2-EX3,30,10,0.9999999190335244,5.550767968922216e-08
EX2-EX3,30,13,0.9999999998831255,1.1681980496883266e-10
EX2-EX3,30,15,0.9999999999999998,1.1146208506722518e-16
EX2-EX3,30,30,1.0,5.742451405214627e-56
EX2-EX3,30,50,1.0,8.320873894727008e-143
EX2-EX3,30,100,1.0,0.0
EX2-EX3,30,200,1.0,0.0
EX2-EX3,50,1,0.9768832845349839,0.0002568359089906155
EX2-EX3,50,2,0.9983307365269822,4.751774024572029e-05
EX2-EX3,50,5,0.9999994536699327,1.7940004611691843e-07
EX2-EX3,50,10,0.9999999999688204,2.3653617647050852e-11
EX2-EX3,50,13,1.0,2.7575837734109998e-18
EX2-EX3,50,15,1.0,5.842756114631338e-35
EX2-EX3,50,30,1.0,2.1287536858771493e-143
EX2-EX3,50,50,1.0,0.0
EX2-EX3,50,100,1.0,0.0
EX2-EX3,50,200,1.0,0.0
EX2-EX3,80,1,0.9916837123826399,0.00013643840339361323
EX2-EX3,80,2,0.9997731927682582,1.278218794842248e-05
EX2-EX3,80,5,0.9999999988241738,7.321572585194743e-10
EX2-EX3,80,10,1.0,3.4903298827505675e-19
EX2-EX3,80,13,1.0,1.4478874158601732e-36
EX2-EX3,80,15,1.0,3.5234113015188196e-79
EX2-EX3,80,30,1.0,0.0
EX2-EX3,80,50,1.0,0.0
EX2-EX3,80,100,1.0,0.0
EX2-EX3,80,200,1.0,0.0
