model_pair,snr_resel,n95,n95_display,accuracy_at_n95,mc_se_at_n95,accuracy_before_n95,accuracy_at_max_chunks
EX0-EX1,10,3,3,0.9586743518379848,0.0003205374024438454,0.9141675160040145,1.0
EX0-EX1,15,2,2,0.9527161454068104,0.0003737376460164496,0.862118964989663,1.0
EX0-EX1,20,2,2,0.971388487165578,0.0002880595403742479,0.8944791686679294,1.0
EX0-EX1,30,2,2,0.9875222423402665,0.00018066564515139972,0.9323100210648113,1.0
EX0-EX1,50,1,1,0.9663416224467092,0.0003349483295513513,,1.0
EX0-EX1,80,1,1,0.9852999966763273,0.00020836616612098313,,1.0
EX0-EX2,10,3,3,0.9509900208108072,0.0003610429678562704,0.9026546470268216,1.0
EX0-EX2,15,3,3,0.9776597451689805,0.00023685052075181253,0.9431884081384764,1.0
EX0-EX2,20,2,2,0.9640043542965203,0.0003296242597769992,0.8809624217087718,1.0
EX0-EX2,30,2,2,0.9832168197245462,0.0002145872525283193,0.920746874929468,1.0
EX0-EX2,50,1,1,0.958422107810794,0.0003767689612893305,,1.0
EX0-EX2,80,1,1,0.980734549219788,0.000243880353849304,,1.0
EX0-EX3,10,3,3,0.9725151365387552,0.00026410537002789975,0.934396680713157,1.0
EX0-EX3,15,2,2,0.9652392167852092,0.0003197548325161836,0.8837962704525042,1.0
EX0-EX3,20,2,2,0.9797372153548065,0.00023529882685068414,0.9129734192167657,1.0
EX0-EX3,30,2,2,0.9919068878659917,0.0001365404815366825,0.946750534062778,1.0
EX0-EX3,50,1,1,0.9758413851994616,0.00027391430168613353,,1.0
EX0-EX3,80,1,1,0.9905526357828366,0.0001536871165851233,,1.0
EX1-EX2,10,3,3,0.9732674094871392,0.0002404290391722795,0.9368200403170555,1.0
EX1-EX2,15,2,2,0.9694183890594024,0.0002789148548743993,0.8924421935328773,1.0
EX1-EX2,20,2,2,0.9836315632761039,0.0001949134108160619,0.9229280506729239,1.0
EX1-EX2,30,1,1,0.9564269900818188,0.00036471568129559773,,1.0
EX1-EX2,50,1,1,0.9828568215509793,0.00021242947259865025,,1.0
EX1-EX2,80,1,1,0.9945198354356338,0.00010677119894408274,,1.0
EX1-EX3,10,2,2,0.9520459370533565,0.0003774518526705492,0.8615426867074087,1.0
EX1-EX3,15,2,2,0.9767158658356226,0.00025961465707477206,0.9055784565978917,1.0
EX1-EX3,20,2,2,0.9871663389015318,0.00018670922300987437,0.9310186392133936,1.0
EX1-EX3,30,1,1,0.9585747800093646,0.00039400512795118297,,1.0
EX1-EX3,50,1,1,0.9807200128745467,0.0002652091164463326,,1.0
EX1-EX3,80,1,1,0.9915415119632275,0.00016716268641886573,,1.0
EX2-EX3,10,3,3,0.9698304790149661,0.0002739249578833512,0.9304336372669602,1.0
EX2-EX3,15,2,2,0.9632394743352611,0.00032212513366057006,0.8807824956864992,1.0
EX2-EX3,20,2,2,0.9787950619709229,0.00023450280767913807,0.91129316768815,1.0
EX2-EX3,30,2,2,0.9917944902091441,0.00013079003723347847,0.9465961621026416,1.0
EX2-EX3,50,1,1,0.9768832845349839,0.0002568359089906155,,1.0
EX2-EX3,80,1,1,0.9916837123826399,0.00013643840339361323,,1.0
