flux_cut,metric,model_a,model_b,comparison,difference,low,high,valid_draws,unit
0.85,detected_rate,EX0,EX1,EX1 - EX0,-0.05771144278606943,-0.17910447761193993,0.06169154228855778,50000,per 10000 km/s
0.85,detected_rate,EX0,EX2,EX2 - EX0,0.021890547263681448,-0.0776119402985076,0.12139303482587138,50000,per 10000 km/s
0.85,detected_rate,EX0,EX3,EX3 - EX0,0.40199004975124364,0.28059701492537314,0.5213930348258708,50000,per 10000 km/s
0.85,detected_rate,EX1,EX2,EX2 - EX1,0.07960199004975088,-0.03980099502487544,0.20099502487562138,50000,per 10000 km/s
0.85,detected_rate,EX1,EX3,EX3 - EX1,0.4597014925373131,0.33233830845771184,0.5890547263681585,50000,per 10000 km/s
0.85,detected_rate,EX2,EX3,EX3 - EX2,0.3800995024875622,0.2686567164179099,0.4935323383084578,50000,per 10000 km/s
0.85,unique_rate,EX0,EX1,EX1 - EX0,0.10547263681592042,0.03980099502487566,0.1691542288557214,50000,per 10000 km/s
0.85,unique_rate,EX0,EX2,EX2 - EX0,0.04776119402985077,-0.013930348258706482,0.10945273631840799,50000,per 10000 km/s
0.85,unique_rate,EX0,EX3,EX3 - EX0,0.37810945273631835,0.2925373134328358,0.46766169154228854,50000,per 10000 km/s
0.85,unique_rate,EX1,EX2,EX2 - EX1,-0.057711442786069655,-0.12338308457711444,0.005970149253731349,50000,per 10000 km/s
0.85,unique_rate,EX1,EX3,EX3 - EX1,0.27263681592039796,0.18109452736318404,0.3681592039800995,50000,per 10000 km/s
0.85,unique_rate,EX2,EX3,EX3 - EX2,0.3303482587064676,0.24278606965174132,0.417910447761194,50000,per 10000 km/s
0.85,isolated_rate,EX0,EX1,EX1 - EX0,0.11144278606965174,0.04776119402985077,0.17313432835820897,50000,per 10000 km/s
0.85,isolated_rate,EX0,EX2,EX2 - EX0,0.05572139303482587,-0.003980099502487566,0.11741293532338307,50000,per 10000 km/s
0.85,isolated_rate,EX0,EX3,EX3 - EX0,0.3721393034825871,0.2885572139303482,0.45970149253731346,50000,per 10000 km/s
0.85,isolated_rate,EX1,EX2,EX2 - EX1,-0.05572139303482587,-0.11940298507462688,0.007960199004975133,50000,per 10000 km/s
0.85,isolated_rate,EX1,EX3,EX3 - EX1,0.26069651741293537,0.17114427860696513,0.354228855721393,50000,per 10000 km/s
0.85,isolated_rate,EX2,EX3,EX3 - EX2,0.31641791044776124,0.22885572139303484,0.4039800995024876,50000,per 10000 km/s
0.85,isolated_broad_rate,EX0,EX1,EX1 - EX0,0.03383084577114427,-0.003980099502487552,0.07164179104477611,50000,per 10000 km/s
0.85,isolated_broad_rate,EX0,EX2,EX2 - EX0,0.005970149253731349,-0.0318407960199005,0.04378109452736319,50000,per 10000 km/s
0.85,isolated_broad_rate,EX0,EX3,EX3 - EX0,0.14129353233830844,0.09552238805970148,0.1890547263681592,50000,per 10000 km/s
0.85,isolated_broad_rate,EX1,EX2,EX2 - EX1,-0.027860696517412922,-0.06766169154228854,0.011940298507462685,50000,per 10000 km/s
0.85,isolated_broad_rate,EX1,EX3,EX3 - EX1,0.10746268656716418,0.05970149253731344,0.15522388059701495,50000,per 10000 km/s
0.85,isolated_broad_rate,EX2,EX3,EX3 - EX2,0.1353233830845771,0.08557213930348259,0.18706467661691542,50000,per 10000 km/s
0.85,unique_percent,EX0,EX1,EX1 - EX0,1.77530778104452,0.7660365793112827,2.7759570663458155,50000,pp
0.85,unique_percent,EX0,EX2,EX2 - EX0,0.764016052888429,-0.2061910445321615,1.7357210408140287,50000,pp
0.85,unique_percent,EX0,EX3,EX3 - EX0,5.56382900226993,4.31629090357372,6.847473812218607,50000,pp
0.85,unique_percent,EX1,EX2,EX2 - EX1,-1.011291728156091,-2.059326277413852,0.02031885389083162,50000,pp
0.85,unique_percent,EX1,EX3,EX3 - EX1,3.7885212212254107,2.4224648154402213,5.193526927519272,50000,pp
0.85,unique_percent,EX2,EX3,EX3 - EX2,4.799812949381502,3.5118284069787533,6.094063716183297,50000,pp
0.95,detected_rate,EX0,EX1,EX1 - EX0,-0.3303482587064668,-0.46766169154228976,-0.19303482587064735,50000,per 10000 km/s
0.95,detected_rate,EX0,EX2,EX2 - EX0,0.10348258706467739,-0.03781094527363216,0.24477611940298516,50000,per 10000 km/s
0.95,detected_rate,EX0,EX3,EX3 - EX0,1.1761194029850746,1.0228855721393035,1.3313432835820898,50000,per 10000 km/s
0.95,detected_rate,EX1,EX2,EX2 - EX1,0.43383084577114417,0.260696517412935,0.6049751243781092,50000,per 10000 km/s
0.95,detected_rate,EX1,EX3,EX3 - EX1,1.5064676616915413,1.341293532338307,1.6736318407960216,50000,per 10000 km/s
0.95,detected_rate,EX2,EX3,EX3 - EX2,1.0726368159203972,0.9233830845771145,1.2218905472636816,50000,per 10000 km/s
0.95,unique_rate,EX0,EX1,EX1 - EX0,0.12935323383084574,0.05174129353233825,0.20696517412935328,50000,per 10000 km/s
0.95,unique_rate,EX0,EX2,EX2 - EX0,-0.05970149253731344,-0.13731343283582093,0.017910447761194048,50000,per 10000 km/s
0.95,unique_rate,EX0,EX3,EX3 - EX0,0.6527363184079602,0.5592039800995025,0.7482587064676617,50000,per 10000 km/s
0.95,unique_rate,EX1,EX2,EX2 - EX1,-0.18905472636815918,-0.26666666666666666,-0.11343283582089547,50000,per 10000 km/s
0.95,unique_rate,EX1,EX3,EX3 - EX1,0.5233830845771145,0.41990049751243774,0.6268656716417911,50000,per 10000 km/s
0.95,unique_rate,EX2,EX3,EX3 - EX2,0.7124378109452736,0.6069651741293531,0.8199004975124378,50000,per 10000 km/s
0.95,isolated_rate,EX0,EX1,EX1 - EX0,0.12338308457711444,0.04975124378109452,0.19701492537313436,50000,per 10000 km/s
0.95,isolated_rate,EX0,EX2,EX2 - EX0,-0.05970149253731344,-0.1353233830845771,0.013930348258706482,50000,per 10000 km/s
0.95,isolated_rate,EX0,EX3,EX3 - EX0,0.6308457711442786,0.5412935323383085,0.7203980099502488,50000,per 10000 km/s
0.95,isolated_rate,EX1,EX2,EX2 - EX1,-0.18308457711442788,-0.2606965174129353,-0.1054726368159204,50000,per 10000 km/s
0.95,isolated_rate,EX1,EX3,EX3 - EX1,0.5074626865671642,0.4079601990049751,0.6089552238805969,50000,per 10000 km/s
0.95,isolated_rate,EX2,EX3,EX3 - EX2,0.6905472636815921,0.5870646766169154,0.7960199004975124,50000,per 10000 km/s
0.95,isolated_broad_rate,EX0,EX1,EX1 - EX0,0.12338308457711444,0.04975124378109452,0.19701492537313436,50000,per 10000 km/s
0.95,isolated_broad_rate,EX0,EX2,EX2 - EX0,-0.05970149253731344,-0.1353233830845771,0.013930348258706482,50000,per 10000 km/s
0.95,isolated_broad_rate,EX0,EX3,EX3 - EX0,0.6308457711442786,0.5412935323383085,0.7203980099502488,50000,per 10000 km/s
0.95,isolated_broad_rate,EX1,EX2,EX2 - EX1,-0.18308457711442788,-0.2606965174129353,-0.1054726368159204,50000,per 10000 km/s
0.95,isolated_broad_rate,EX1,EX3,EX3 - EX1,0.5074626865671642,0.4079601990049751,0.6089552238805969,50000,per 10000 km/s
0.95,isolated_broad_rate,EX2,EX3,EX3 - EX2,0.6905472636815921,0.5870646766169154,0.7960199004975124,50000,per 10000 km/s
0.95,unique_percent,EX0,EX1,EX1 - EX0,1.1669833561021261,0.5396910317911289,1.79328795023991,50000,pp
0.95,unique_percent,EX0,EX2,EX2 - EX0,-0.5071404127985093,-1.1292505046796006,0.10638242627224503,50000,pp
0.95,unique_percent,EX0,EX3,EX3 - EX0,4.554972957142727,3.8733656151563656,5.245691730511766,50000,pp
0.95,unique_percent,EX1,EX2,EX2 - EX1,-1.6741237689006354,-2.292536425094475,-1.0621419068664213,50000,pp
0.95,unique_percent,EX1,EX3,EX3 - EX1,3.3879896010406005,2.620953489327605,4.156118026418662,50000,pp
0.95,unique_percent,EX2,EX3,EX3 - EX2,5.062113369941236,4.2909675800815315,5.84431130442784,50000,pp
