flux_cut,model,other_model,n_detected,n_matched,n_unmatched,n_no_neighbor,unmatched_per_1e4_kms
0.85,EX0,EX1,3076,2603,473,466,0.9412935323383085
0.85,EX0,EX2,3076,2662,414,410,0.8238805970149253
0.85,EX0,EX3,3076,2598,478,471,0.9512437810945273
0.85,EX1,EX0,3047,2603,444,435,0.8835820895522388
0.85,EX1,EX2,3047,2501,546,545,1.0865671641791044
0.85,EX1,EX3,3047,2515,532,526,1.0587064676616915
0.85,EX2,EX0,3087,2662,425,417,0.845771144278607
0.85,EX2,EX1,3087,2501,586,579,1.1661691542288557
0.85,EX2,EX3,3087,2618,469,462,0.9333333333333333
0.85,EX3,EX0,3278,2598,680,669,1.3532338308457712
0.85,EX3,EX1,3278,2515,763,754,1.518407960199005
0.85,EX3,EX2,3278,2618,660,650,1.3134328358208955
0.95,EX0,EX1,6193,5277,916,902,1.8228855721393036
0.95,EX0,EX2,6193,5515,678,661,1.3492537313432835
0.95,EX0,EX3,6193,5504,689,660,1.3711442786069652
0.95,EX1,EX0,6027,5277,750,724,1.492537313432836
0.95,EX1,EX2,6027,5124,903,886,1.7970149253731342
0.95,EX1,EX3,6027,5283,744,708,1.480597014925373
0.95,EX2,EX0,6245,5515,730,711,1.4527363184079602
0.95,EX2,EX1,6245,5124,1121,1107,2.2308457711442786
0.95,EX2,EX3,6245,5620,625,595,1.243781094527363
0.95,EX3,EX0,6784,5504,1280,1254,2.5472636815920398
0.95,EX3,EX1,6784,5283,1501,1478,2.9870646766169155
0.95,EX3,EX2,6784,5620,1164,1140,2.316417910447761
