flux_cut,model,metric,estimate,low,high,valid_draws,unit
0.85,EX0,detected_rate,6.1213930348258705,5.924378109452737,6.322388059701493,50000,per 10000 km/s
0.85,EX1,detected_rate,6.063681592039801,5.858706467661691,6.268656716417911,50000,per 10000 km/s
0.85,EX2,detected_rate,6.143283582089552,5.928358208955224,6.358208955223881,50000,per 10000 km/s
0.85,EX3,detected_rate,6.523383084577114,6.304477611940299,6.744278606965175,50000,per 10000 km/s
0.85,EX0,unique_rate,0.2308457711442786,0.18706467661691542,0.2766169154228856,50000,per 10000 km/s
0.85,EX1,unique_rate,0.336318407960199,0.28258706467661693,0.3920398009950249,50000,per 10000 km/s
0.85,EX2,unique_rate,0.27860696517412936,0.22885572139303484,0.33034825870646767,50000,per 10000 km/s
0.85,EX3,unique_rate,0.608955223880597,0.5333333333333333,0.690547263681592,50000,per 10000 km/s
0.85,EX0,isolated_rate,0.2208955223880597,0.1791044776119403,0.2646766169154229,50000,per 10000 km/s
0.85,EX1,isolated_rate,0.33233830845771145,0.28059701492537314,0.38606965174129354,50000,per 10000 km/s
0.85,EX2,isolated_rate,0.2766169154228856,0.22885572139303484,0.3263681592039801,50000,per 10000 km/s
0.85,EX3,isolated_rate,0.5930348258706468,0.5174129353233831,0.6746268656716418,50000,per 10000 km/s
0.85,EX0,isolated_broad_rate,0.09154228855721393,0.06567164179104477,0.11940298507462686,50000,per 10000 km/s
0.85,EX1,isolated_broad_rate,0.1253731343283582,0.09353233830845771,0.15920398009950248,50000,per 10000 km/s
0.85,EX2,isolated_broad_rate,0.09751243781094528,0.06965174129353234,0.12736318407960198,50000,per 10000 km/s
0.85,EX3,isolated_broad_rate,0.23283582089552238,0.1890547263681592,0.27860696517412936,50000,per 10000 km/s
0.85,EX0,unique_percent,3.7711313394018204,3.061224489795918,4.510063591136556,50000,%
0.85,EX1,unique_percent,5.54643912044634,4.695767195767195,6.4338829615260265,50000,%
0.85,EX2,unique_percent,4.535147392290249,3.7579617834394905,5.338541666666667,50000,%
0.85,EX3,unique_percent,9.334960341671751,8.204181439135205,10.523095747935148,50000,%
0.95,EX0,detected_rate,12.324378109452736,12.06766169154229,12.587064676616915,50000,per 10000 km/s
0.95,EX1,detected_rate,11.99402985074627,11.733333333333333,12.25870646766169,50000,per 10000 km/s
0.95,EX2,detected_rate,12.427860696517413,12.14726368159204,12.714427860696517,50000,per 10000 km/s
0.95,EX3,detected_rate,13.50049751243781,13.203980099502488,13.802985074626866,50000,per 10000 km/s
0.95,EX0,unique_rate,0.39601990049751246,0.3402985074626866,0.4537313432835821,50000,per 10000 km/s
0.95,EX1,unique_rate,0.5253731343283582,0.4597014925373134,0.5930348258706468,50000,per 10000 km/s
0.95,EX2,unique_rate,0.336318407960199,0.28258706467661693,0.3940298507462687,50000,per 10000 km/s
0.95,EX3,unique_rate,1.0487562189054727,0.9552238805970149,1.1422885572139303,50000,per 10000 km/s
0.95,EX0,isolated_rate,0.3761194029850746,0.32238805970149254,0.4318407960199005,50000,per 10000 km/s
0.95,EX1,isolated_rate,0.49950248756218907,0.43582089552238806,0.5651741293532339,50000,per 10000 km/s
0.95,EX2,isolated_rate,0.3164179104477612,0.2626865671641791,0.37213930348258706,50000,per 10000 km/s
0.95,EX3,isolated_rate,1.0069651741293533,0.9154228855721394,1.0985074626865672,50000,per 10000 km/s
0.95,EX0,isolated_broad_rate,0.3761194029850746,0.32238805970149254,0.4318407960199005,50000,per 10000 km/s
0.95,EX1,isolated_broad_rate,0.49950248756218907,0.43582089552238806,0.5651741293532339,50000,per 10000 km/s
0.95,EX2,isolated_broad_rate,0.3164179104477612,0.2626865671641791,0.37213930348258706,50000,per 10000 km/s
0.95,EX3,isolated_broad_rate,1.0069651741293533,0.9154228855721394,1.0985074626865672,50000,per 10000 km/s
0.95,EX0,unique_percent,3.213305344744066,2.76942434561121,3.672410385686304,50000,%
0.95,EX1,unique_percent,4.380288700846192,3.8518751238485653,4.926110417056477,50000,%
0.95,EX2,unique_percent,2.7061649319455565,2.2799678518840842,3.149235556994915,50000,%
0.95,EX3,unique_percent,7.7682783018867925,7.112091254090767,8.43551484709706,50000,%
