flux_cut,model,bundle_id,n_detected,n_unique_all,n_isolated_all,n_isolated_broad,path_kms
0.85,EX0,2,23,1,1,1,37500.0
0.85,EX0,6,22,2,2,1,37500.0
0.85,EX0,10,20,3,3,2,37500.0
0.85,EX0,18,18,0,0,0,37500.0
0.85,EX0,24,27,0,0,0,37500.0
0.85,EX0,30,25,0,0,0,37500.0
0.85,EX0,31,15,0,0,0,37500.0
0.85,EX0,39,16,0,0,0,37500.0
0.85,EX0,41,13,0,0,0,37500.0
0.85,EX0,44,25,0,0,0,37500.0
0.85,EX0,49,16,0,0,0,37500.0
0.85,EX0,54,18,0,0,0,37500.0
0.85,EX0,55,27,0,0,0,37500.0
0.85,EX0,56,31,1,1,0,37500.0
0.85,EX0,60,20,0,0,0,37500.0
0.85,EX0,63,28,0,0,0,37500.0
0.85,EX0,65,26,0,0,0,37500.0
0.85,EX0,69,20,1,1,0,37500.0
0.85,EX0,70,20,1,1,0,37500.0
0.85,EX0,72,25,3,3,1,37500.0
0.85,EX0,76,23,0,0,0,37500.0
0.85,EX0,77,21,0,0,0,37500.0
0.85,EX0,78,29,1,1,0,37500.0
0.85,EX0,81,23,0,0,0,37500.0
0.85,EX0,82,23,1,1,1,37500.0
0.85,EX0,86,26,0,0,0,37500.0
0.85,EX0,90,25,1,1,0,37500.0
0.85,EX0,101,22,0,0,0,37500.0
0.85,EX0,108,25,0,0,0,37500.0
0.85,EX0,109,21,1,1,1,37500.0
0.85,EX0,110,15,2,2,1,37500.0
0.85,EX0,118,22,0,0,0,37500.0
0.85,EX0,120,22,2,2,1,37500.0
0.85,EX0,131,24,0,0,0,37500.0
0.85,EX0,132,15,1,1,0,37500.0
0.85,EX0,133,20,0,0,0,37500.0
0.85,EX0,135,20,0,0,0,37500.0
0.85,EX0,136,24,1,1,0,37500.0
0.85,EX0,148,33,0,0,0,37500.0
0.85,EX0,155,17,1,1,1,37500.0
0.85,EX0,158,28,0,0,0,37500.0
0.85,EX0,164,22,3,3,2,37500.0
0.85,EX0,165,22,2,2,1,37500.0
0.85,EX0,176,33,1,1,1,37500.0
0.85,EX0,181,21,1,1,1,37500.0
0.85,EX0,182,21,1,1,1,37500.0
0.85,EX0,192,22,0,0,0,37500.0
0.85,EX0,199,20,1,1,0,37500.0
0.85,EX0,204,18,0,0,0,37500.0
0.85,EX0,209,27,0,0,0,37500.0
0.85,EX0,210,30,4,3,2,37500.0
0.85,EX0,211,26,1,1,0,37500.0
0.85,EX0,213,25,3,3,0,37500.0
0.85,EX0,218,30,0,0,0,37500.0
0.85,EX0,220,17,3,2,1,37500.0
0.85,EX0,227,25,0,0,0,37500.0
0.85,EX0,235,26,3,3,2,37500.0
0.85,EX0,244,28,1,1,0,37500.0
0.85,EX0,249,23,0,0,0,37500.0
0.85,EX0,250,24,1,1,0,37500.0
0.85,EX0,256,23,2,2,0,37500.0
0.85,EX0,260,23,2,2,1,37500.0
0.85,EX0,271,22,1,1,1,37500.0
0.85,EX0,281,28,1,1,0,37500.0
0.85,EX0,284,21,1,1,0,37500.0
0.85,EX0,286,24,1,1,1,37500.0
0.85,EX0,291,21,1,1,0,37500.0
0.85,EX0,292,25,0,0,0,37500.0
0.85,EX0,296,17,1,1,0,37500.0
0.85,EX0,302,32,0,0,0,37500.0
0.85,EX0,304,26,0,0,0,37500.0
0.85,EX0,310,15,1,1,0,37500.0
0.85,EX0,314,22,1,1,0,37500.0
0.85,EX0,318,20,1,1,0,37500.0
0.85,EX0,329,27,2,2,1,37500.0
0.85,EX0,333,25,1,1,0,37500.0
0.85,EX0,338,24,0,0,0,37500.0
0.85,EX0,341,24,1,1,1,37500.0
0.85,EX0,353,38,2,2,2,37500.0
0.85,EX0,360,28,4,4,1,37500.0
0.85,EX0,361,23,3,3,2,37500.0
0.85,EX0,369,24,0,0,0,37500.0
0.85,EX0,388,27,0,0,0,37500.0
0.85,EX0,390,16,0,0,0,37500.0
0.85,EX0,393,31,2,2,0,37500.0
0.85,EX0,399,22,0,0,0,37500.0
0.85,EX0,411,21,1,1,0,37500.0
0.85,EX0,417,24,4,4,2,37500.0
0.85,EX0,436,20,2,1,0,37500.0
0.85,EX0,443,34,0,0,0,37500.0
0.85,EX0,446,18,2,2,1,37500.0
0.85,EX0,447,23,0,0,0,37500.0
0.85,EX0,448,19,1,1,1,37500.0
0.85,EX0,462,22,2,1,0,37500.0
0.85,EX0,465,22,2,2,2,37500.0
0.85,EX0,467,27,1,1,1,37500.0
0.85,EX0,468,31,1,1,0,37500.0
0.85,EX0,469,26,1,1,0,37500.0
0.85,EX0,470,28,2,2,1,37500.0
0.85,EX0,473,19,0,0,0,37500.0
0.85,EX0,477,19,0,0,0,37500.0
0.85,EX0,479,18,0,0,0,37500.0
0.85,EX0,494,26,1,1,1,37500.0
0.85,EX0,507,18,0,0,0,37500.0
0.85,EX0,509,21,0,0,0,37500.0
0.85,EX0,519,25,0,0,0,37500.0
0.85,EX0,531,24,1,1,0,37500.0
0.85,EX0,533,20,2,2,2,37500.0
0.85,EX0,535,22,0,0,0,37500.0
0.85,EX0,537,25,1,0,0,37500.0
0.85,EX0,548,19,1,1,1,37500.0
0.85,EX0,549,23,0,0,0,37500.0
0.85,EX0,551,25,1,1,0,37500.0
0.85,EX0,553,27,0,0,0,37500.0
0.85,EX0,572,16,0,0,0,37500.0
0.85,EX0,574,15,0,0,0,37500.0
0.85,EX0,584,17,2,2,0,37500.0
0.85,EX0,595,25,1,1,0,37500.0
0.85,EX0,596,22,1,1,0,37500.0
0.85,EX0,610,20,1,1,0,37500.0
0.85,EX0,613,18,1,1,0,37500.0
0.85,EX0,619,25,0,0,0,37500.0
0.85,EX0,621,21,0,0,0,37500.0
0.85,EX0,624,30,1,1,0,37500.0
0.85,EX0,630,28,1,1,0,37500.0
0.85,EX0,633,24,1,1,0,37500.0
0.85,EX0,634,20,0,0,0,37500.0
0.85,EX0,635,25,2,2,1,37500.0
0.85,EX0,636,18,1,1,1,37500.0
0.85,EX0,647,21,0,0,0,37500.0
0.85,EX0,649,19,0,0,0,37500.0
0.85,EX0,653,20,0,0,0,37500.0
0.85,EX0,661,21,0,0,0,37500.0
0.85,EX0,662,24,2,2,1,37500.0
0.85,EX1,2,24,1,1,0,37500.0
0.85,EX1,6,20,0,0,0,37500.0
0.85,EX1,10,16,0,0,0,37500.0
0.85,EX1,18,19,0,0,0,37500.0
0.85,EX1,24,27,0,0,0,37500.0
0.85,EX1,30,23,2,2,1,37500.0
0.85,EX1,31,16,0,0,0,37500.0
0.85,EX1,39,15,2,2,0,37500.0
0.85,EX1,41,14,2,2,2,37500.0
0.85,EX1,44,27,3,3,0,37500.0
0.85,EX1,49,18,1,1,0,37500.0
0.85,EX1,54,20,1,1,0,37500.0
0.85,EX1,55,26,0,0,0,37500.0
0.85,EX1,56,28,0,0,0,37500.0
0.85,EX1,60,21,2,2,0,37500.0
0.85,EX1,63,30,1,1,0,37500.0
0.85,EX1,65,26,2,2,2,37500.0
0.85,EX1,69,23,0,0,0,37500.0
0.85,EX1,70,19,1,1,1,37500.0
0.85,EX1,72,20,4,4,3,37500.0
0.85,EX1,76,22,2,2,1,37500.0
0.85,EX1,77,20,1,1,0,37500.0
0.85,EX1,78,31,1,1,1,37500.0
0.85,EX1,81,22,2,2,2,37500.0
0.85,EX1,82,22,2,2,1,37500.0
0.85,EX1,86,24,0,0,0,37500.0
0.85,EX1,90,24,1,1,1,37500.0
0.85,EX1,101,21,1,1,0,37500.0
0.85,EX1,108,23,0,0,0,37500.0
0.85,EX1,109,24,3,3,1,37500.0
0.85,EX1,110,11,1,1,0,37500.0
0.85,EX1,118,30,5,4,1,37500.0
0.85,EX1,120,18,1,1,0,37500.0
0.85,EX1,131,27,0,0,0,37500.0
0.85,EX1,132,16,1,1,0,37500.0
0.85,EX1,133,25,0,0,0,37500.0
0.85,EX1,135,25,1,1,0,37500.0
0.85,EX1,136,22,0,0,0,37500.0
0.85,EX1,148,29,1,1,1,37500.0
0.85,EX1,155,18,2,2,1,37500.0
0.85,EX1,158,25,0,0,0,37500.0
0.85,EX1,164,15,0,0,0,37500.0
0.85,EX1,165,24,2,2,0,37500.0
0.85,EX1,176,34,2,2,1,37500.0
0.85,EX1,181,19,0,0,0,37500.0
0.85,EX1,182,25,4,4,3,37500.0
0.85,EX1,192,22,0,0,0,37500.0
0.85,EX1,199,18,0,0,0,37500.0
0.85,EX1,204,24,3,3,2,37500.0
0.85,EX1,209,27,1,1,1,37500.0
0.85,EX1,210,23,0,0,0,37500.0
0.85,EX1,211,25,0,0,0,37500.0
0.85,EX1,213,23,0,0,0,37500.0
0.85,EX1,218,29,1,1,0,37500.0
0.85,EX1,220,19,2,2,2,37500.0
0.85,EX1,227,22,1,1,0,37500.0
0.85,EX1,235,23,1,1,0,37500.0
0.85,EX1,244,28,2,2,2,37500.0
0.85,EX1,249,22,1,1,0,37500.0
0.85,EX1,250,26,3,3,1,37500.0
0.85,EX1,256,21,1,1,0,37500.0
0.85,EX1,260,22,0,0,0,37500.0
0.85,EX1,271,25,3,3,3,37500.0
0.85,EX1,281,26,2,2,0,37500.0
0.85,EX1,284,23,0,0,0,37500.0
0.85,EX1,286,25,1,1,0,37500.0
0.85,EX1,291,22,2,2,0,37500.0
0.85,EX1,292,26,2,2,1,37500.0
0.85,EX1,296,18,2,2,0,37500.0
0.85,EX1,302,30,2,2,1,37500.0
0.85,EX1,304,28,1,1,1,37500.0
0.85,EX1,310,14,0,0,0,37500.0
0.85,EX1,314,22,0,0,0,37500.0
0.85,EX1,318,18,0,0,0,37500.0
0.85,EX1,329,21,2,2,1,37500.0
0.85,EX1,333,25,1,1,0,37500.0
0.85,EX1,338,21,0,0,0,37500.0
0.85,EX1,341,25,2,2,1,37500.0
0.85,EX1,353,34,2,2,2,37500.0
0.85,EX1,360,24,4,3,1,37500.0
0.85,EX1,361,21,2,2,2,37500.0
0.85,EX1,369,26,1,1,0,37500.0
0.85,EX1,388,26,1,1,1,37500.0
0.85,EX1,390,12,0,0,0,37500.0
0.85,EX1,393,31,3,3,1,37500.0
0.85,EX1,399,22,0,0,0,37500.0
0.85,EX1,411,20,0,0,0,37500.0
0.85,EX1,417,24,6,6,1,37500.0
0.85,EX1,436,20,3,3,1,37500.0
0.85,EX1,443,33,1,1,0,37500.0
0.85,EX1,446,13,1,1,0,37500.0
0.85,EX1,447,27,2,2,1,37500.0
0.85,EX1,448,17,1,1,0,37500.0
0.85,EX1,462,19,0,0,0,37500.0
0.85,EX1,465,23,1,1,0,37500.0
0.85,EX1,467,31,2,2,1,37500.0
0.85,EX1,468,29,2,2,1,37500.0
0.85,EX1,469,26,2,2,1,37500.0
0.85,EX1,470,28,3,3,1,37500.0
0.85,EX1,473,23,4,4,1,37500.0
0.85,EX1,477,16,1,1,0,37500.0
0.85,EX1,479,22,1,1,0,37500.0
0.85,EX1,494,27,2,2,1,37500.0
0.85,EX1,507,19,3,3,1,37500.0
0.85,EX1,509,23,0,0,0,37500.0
0.85,EX1,519,25,0,0,0,37500.0
0.85,EX1,531,26,3,3,1,37500.0
0.85,EX1,533,18,1,1,1,37500.0
0.85,EX1,535,22,2,2,0,37500.0
0.85,EX1,537,20,2,2,0,37500.0
0.85,EX1,548,16,1,1,0,37500.0
0.85,EX1,549,22,0,0,0,37500.0
0.85,EX1,551,27,1,1,1,37500.0
0.85,EX1,553,31,1,1,0,37500.0
0.85,EX1,572,19,2,2,1,37500.0
0.85,EX1,574,16,1,1,0,37500.0
0.85,EX1,584,17,0,0,0,37500.0
0.85,EX1,595,24,0,0,0,37500.0
0.85,EX1,596,21,0,0,0,37500.0
0.85,EX1,610,19,0,0,0,37500.0
0.85,EX1,613,16,1,1,0,37500.0
0.85,EX1,619,27,0,0,0,37500.0
0.85,EX1,621,19,0,0,0,37500.0
0.85,EX1,624,29,1,1,0,37500.0
0.85,EX1,630,22,0,0,0,37500.0
0.85,EX1,633,26,3,3,0,37500.0
0.85,EX1,634,23,3,3,0,37500.0
0.85,EX1,635,23,3,3,2,37500.0
0.85,EX1,636,23,2,2,0,37500.0
0.85,EX1,647,23,2,2,1,37500.0
0.85,EX1,649,23,1,1,0,37500.0
0.85,EX1,653,21,0,0,0,37500.0
0.85,EX1,661,21,0,0,0,37500.0
0.85,EX1,662,21,0,0,0,37500.0
0.85,EX2,2,25,0,0,0,37500.0
0.85,EX2,6,17,0,0,0,37500.0
0.85,EX2,10,18,3,3,0,37500.0
0.85,EX2,18,20,0,0,0,37500.0
0.85,EX2,24,30,1,1,1,37500.0
0.85,EX2,30,26,0,0,0,37500.0
0.85,EX2,31,13,0,0,0,37500.0
0.85,EX2,39,17,0,0,0,37500.0
0.85,EX2,41,13,0,0,0,37500.0
0.85,EX2,44,24,1,1,0,37500.0
0.85,EX2,49,19,3,3,0,37500.0
0.85,EX2,54,20,0,0,0,37500.0
0.85,EX2,55,29,1,1,1,37500.0
0.85,EX2,56,29,0,0,0,37500.0
0.85,EX2,60,19,2,2,1,37500.0
0.85,EX2,63,30,0,0,0,37500.0
0.85,EX2,65,28,3,2,0,37500.0
0.85,EX2,69,17,1,1,1,37500.0
0.85,EX2,70,19,2,2,2,37500.0
0.85,EX2,72,22,0,0,0,37500.0
0.85,EX2,76,23,1,1,0,37500.0
0.85,EX2,77,22,1,1,0,37500.0
0.85,EX2,78,31,4,4,2,37500.0
0.85,EX2,81,21,1,1,1,37500.0
0.85,EX2,82,21,1,1,1,37500.0
0.85,EX2,86,29,1,1,0,37500.0
0.85,EX2,90,24,1,1,0,37500.0
0.85,EX2,101,22,0,0,0,37500.0
0.85,EX2,108,24,0,0,0,37500.0
0.85,EX2,109,20,1,1,1,37500.0
0.85,EX2,110,17,1,1,0,37500.0
0.85,EX2,118,26,2,2,1,37500.0
0.85,EX2,120,21,1,1,0,37500.0
0.85,EX2,131,27,1,1,0,37500.0
0.85,EX2,132,16,1,1,0,37500.0
0.85,EX2,133,21,0,0,0,37500.0
0.85,EX2,135,21,3,3,1,37500.0
0.85,EX2,136,24,2,2,1,37500.0
0.85,EX2,148,32,0,0,0,37500.0
0.85,EX2,155,17,0,0,0,37500.0
0.85,EX2,158,25,0,0,0,37500.0
0.85,EX2,164,18,3,3,1,37500.0
0.85,EX2,165,23,3,3,3,37500.0
0.85,EX2,176,36,3,3,0,37500.0
0.85,EX2,181,17,0,0,0,37500.0
0.85,EX2,182,22,2,2,0,37500.0
0.85,EX2,192,22,0,0,0,37500.0
0.85,EX2,199,20,1,1,1,37500.0
0.85,EX2,204,23,2,2,1,37500.0
0.85,EX2,209,31,5,5,1,37500.0
0.85,EX2,210,25,1,1,0,37500.0
0.85,EX2,211,28,1,1,0,37500.0
0.85,EX2,213,20,1,1,0,37500.0
0.85,EX2,218,29,1,1,0,37500.0
0.85,EX2,220,18,3,3,1,37500.0
0.85,EX2,227,27,0,0,0,37500.0
0.85,EX2,235,24,1,1,1,37500.0
0.85,EX2,244,28,2,2,1,37500.0
0.85,EX2,249,22,0,0,0,37500.0
0.85,EX2,250,24,2,2,0,37500.0
0.85,EX2,256,22,0,0,0,37500.0
0.85,EX2,260,22,0,0,0,37500.0
0.85,EX2,271,27,4,4,2,37500.0
0.85,EX2,281,27,1,1,1,37500.0
0.85,EX2,284,25,1,1,0,37500.0
0.85,EX2,286,26,1,1,1,37500.0
0.85,EX2,291,20,1,1,1,37500.0
0.85,EX2,292,23,0,0,0,37500.0
0.85,EX2,296,15,1,1,0,37500.0
0.85,EX2,302,32,0,0,0,37500.0
0.85,EX2,304,23,0,0,0,37500.0
0.85,EX2,310,18,0,0,0,37500.0
0.85,EX2,314,21,2,2,1,37500.0
0.85,EX2,318,19,0,0,0,37500.0
0.85,EX2,329,28,1,1,0,37500.0
0.85,EX2,333,26,1,1,0,37500.0
0.85,EX2,338,23,0,0,0,37500.0
0.85,EX2,341,31,4,4,2,37500.0
0.85,EX2,353,38,2,2,0,37500.0
0.85,EX2,360,23,1,1,0,37500.0
0.85,EX2,361,22,2,2,1,37500.0
0.85,EX2,369,22,0,0,0,37500.0
0.85,EX2,388,28,0,0,0,37500.0
0.85,EX2,390,15,1,1,0,37500.0
0.85,EX2,393,28,1,1,1,37500.0
0.85,EX2,399,23,0,0,0,37500.0
0.85,EX2,411,19,0,0,0,37500.0
0.85,EX2,417,23,1,1,0,37500.0
0.85,EX2,436,15,0,0,0,37500.0
0.85,EX2,443,34,0,0,0,37500.0
0.85,EX2,446,15,1,1,1,37500.0
0.85,EX2,447,21,1,1,0,37500.0
0.85,EX2,448,18,3,3,0,37500.0
0.85,EX2,462,21,2,2,1,37500.0
0.85,EX2,465,23,0,0,0,37500.0
0.85,EX2,467,26,3,3,1,37500.0
0.85,EX2,468,34,3,3,3,37500.0
0.85,EX2,469,25,0,0,0,37500.0
0.85,EX2,470,29,1,1,0,37500.0
0.85,EX2,473,19,1,1,1,37500.0
0.85,EX2,477,20,1,1,0,37500.0
0.85,EX2,479,18,0,0,0,37500.0
0.85,EX2,494,27,0,0,0,37500.0
0.85,EX2,507,22,2,2,1,37500.0
0.85,EX2,509,21,0,0,0,37500.0
0.85,EX2,519,26,0,0,0,37500.0
0.85,EX2,531,24,1,1,0,37500.0
0.85,EX2,533,19,0,0,0,37500.0
0.85,EX2,535,23,0,0,0,37500.0
0.85,EX2,537,26,1,1,0,37500.0
0.85,EX2,548,17,1,1,0,37500.0
0.85,EX2,549,23,0,0,0,37500.0
0.85,EX2,551,23,0,0,0,37500.0
0.85,EX2,553,30,2,2,1,37500.0
0.85,EX2,572,17,2,2,1,37500.0
0.85,EX2,574,15,1,1,0,37500.0
0.85,EX2,584,15,0,0,0,37500.0
0.85,EX2,595,27,0,0,0,37500.0
0.85,EX2,596,22,2,2,1,37500.0
0.85,EX2,610,21,0,0,0,37500.0
0.85,EX2,613,20,2,2,0,37500.0
0.85,EX2,619,26,1,1,0,37500.0
0.85,EX2,621,23,2,2,1,37500.0
0.85,EX2,624,29,3,3,1,37500.0
0.85,EX2,630,28,1,1,0,37500.0
0.85,EX2,633,24,0,0,0,37500.0
0.85,EX2,634,22,2,2,0,37500.0
0.85,EX2,635,23,3,3,0,37500.0
0.85,EX2,636,19,0,0,0,37500.0
0.85,EX2,647,23,1,1,0,37500.0
0.85,EX2,649,24,2,2,2,37500.0
0.85,EX2,653,23,0,0,0,37500.0
0.85,EX2,661,20,0,0,0,37500.0
0.85,EX2,662,22,0,0,0,37500.0
0.85,EX3,2,24,2,2,1,37500.0
0.85,EX3,6,21,1,1,0,37500.0
0.85,EX3,10,27,9,9,4,37500.0
0.85,EX3,18,20,2,2,0,37500.0
0.85,EX3,24,34,8,8,3,37500.0
0.85,EX3,30,25,0,0,0,37500.0
0.85,EX3,31,17,2,2,0,37500.0
0.85,EX3,39,17,0,0,0,37500.0
0.85,EX3,41,13,3,3,2,37500.0
0.85,EX3,44,30,4,4,2,37500.0
0.85,EX3,49,18,2,2,0,37500.0
0.85,EX3,54,19,1,1,0,37500.0
0.85,EX3,55,30,2,2,0,37500.0
0.85,EX3,56,32,2,2,0,37500.0
0.85,EX3,60,20,3,3,0,37500.0
0.85,EX3,63,32,1,1,0,37500.0
0.85,EX3,65,29,1,0,0,37500.0
0.85,EX3,69,22,1,0,0,37500.0
0.85,EX3,70,18,2,2,2,37500.0
0.85,EX3,72,23,4,4,2,37500.0
0.85,EX3,76,22,2,2,1,37500.0
0.85,EX3,77,23,1,1,1,37500.0
0.85,EX3,78,31,1,1,0,37500.0
0.85,EX3,81,26,1,1,1,37500.0
0.85,EX3,82,25,5,5,1,37500.0
0.85,EX3,86,28,1,1,0,37500.0
0.85,EX3,90,23,0,0,0,37500.0
0.85,EX3,101,25,2,2,0,37500.0
0.85,EX3,108,25,0,0,0,37500.0
0.85,EX3,109,22,2,2,1,37500.0
0.85,EX3,110,15,0,0,0,37500.0
0.85,EX3,118,25,1,1,0,37500.0
0.85,EX3,120,19,0,0,0,37500.0
0.85,EX3,131,32,2,2,0,37500.0
0.85,EX3,132,16,1,1,1,37500.0
0.85,EX3,133,26,2,2,0,37500.0
0.85,EX3,135,23,3,3,1,37500.0
0.85,EX3,136,25,5,4,1,37500.0
0.85,EX3,148,35,3,3,2,37500.0
0.85,EX3,155,19,2,2,1,37500.0
0.85,EX3,158,28,0,0,0,37500.0
0.85,EX3,164,20,1,1,0,37500.0
0.85,EX3,165,23,3,3,1,37500.0
0.85,EX3,176,35,3,3,1,37500.0
0.85,EX3,181,23,2,2,0,37500.0
0.85,EX3,182,23,2,2,2,37500.0
0.85,EX3,192,22,1,1,0,37500.0
0.85,EX3,199,23,3,3,1,37500.0
0.85,EX3,204,26,4,4,3,37500.0
0.85,EX3,209,28,3,3,0,37500.0
0.85,EX3,210,25,1,1,1,37500.0
0.85,EX3,211,29,3,3,1,37500.0
0.85,EX3,213,24,1,1,0,37500.0
0.85,EX3,218,31,3,3,2,37500.0
0.85,EX3,220,17,2,2,2,37500.0
0.85,EX3,227,24,0,0,0,37500.0
0.85,EX3,235,25,3,3,2,37500.0
0.85,EX3,244,28,3,3,2,37500.0
0.85,EX3,249,28,3,3,1,37500.0
0.85,EX3,250,27,2,2,0,37500.0
0.85,EX3,256,21,2,2,2,37500.0
0.85,EX3,260,25,2,2,1,37500.0
0.85,EX3,271,27,7,7,3,37500.0
0.85,EX3,281,32,6,6,2,37500.0
0.85,EX3,284,26,1,1,0,37500.0
0.85,EX3,286,26,2,2,1,37500.0
0.85,EX3,291,23,1,1,0,37500.0
0.85,EX3,292,25,2,2,0,37500.0
0.85,EX3,296,20,3,3,1,37500.0
0.85,EX3,302,36,2,2,1,37500.0
0.85,EX3,304,27,3,3,1,37500.0
0.85,EX3,310,18,0,0,0,37500.0
0.85,EX3,314,24,4,3,0,37500.0
0.85,EX3,318,17,3,3,2,37500.0
0.85,EX3,329,30,7,7,5,37500.0
0.85,EX3,333,27,3,3,2,37500.0
0.85,EX3,338,25,3,3,1,37500.0
0.85,EX3,341,29,2,2,0,37500.0
0.85,EX3,353,37,0,0,0,37500.0
0.85,EX3,360,23,2,2,0,37500.0
0.85,EX3,361,22,3,3,2,37500.0
0.85,EX3,369,23,1,1,0,37500.0
0.85,EX3,388,33,7,7,4,37500.0
0.85,EX3,390,18,4,3,1,37500.0
0.85,EX3,393,32,4,4,1,37500.0
0.85,EX3,399,24,1,1,0,37500.0
0.85,EX3,411,27,5,5,1,37500.0
0.85,EX3,417,20,2,2,1,37500.0
0.85,EX3,436,19,4,4,3,37500.0
0.85,EX3,443,33,1,1,0,37500.0
0.85,EX3,446,17,2,2,2,37500.0
0.85,EX3,447,26,5,5,2,37500.0
0.85,EX3,448,14,0,0,0,37500.0
0.85,EX3,462,23,4,4,2,37500.0
0.85,EX3,465,22,1,1,1,37500.0
0.85,EX3,467,27,0,0,0,37500.0
0.85,EX3,468,31,2,2,0,37500.0
0.85,EX3,469,28,1,1,0,37500.0
0.85,EX3,470,32,2,2,0,37500.0
0.85,EX3,473,18,0,0,0,37500.0
0.85,EX3,477,22,6,6,1,37500.0
0.85,EX3,479,24,3,3,0,37500.0
0.85,EX3,494,28,1,1,1,37500.0
0.85,EX3,507,20,2,2,1,37500.0
0.85,EX3,509,17,0,0,0,37500.0
0.85,EX3,519,31,4,4,2,37500.0
0.85,EX3,531,27,2,2,0,37500.0
0.85,EX3,533,22,4,4,3,37500.0
0.85,EX3,535,24,4,4,1,37500.0
0.85,EX3,537,23,2,1,0,37500.0
0.85,EX3,548,19,1,1,1,37500.0
0.85,EX3,549,21,0,0,0,37500.0
0.85,EX3,551,27,2,2,0,37500.0
0.85,EX3,553,33,3,2,1,37500.0
0.85,EX3,572,21,3,3,2,37500.0
0.85,EX3,574,20,3,3,0,37500.0
0.85,EX3,584,17,3,3,1,37500.0
0.85,EX3,595,24,0,0,0,37500.0
0.85,EX3,596,24,2,2,2,37500.0
0.85,EX3,610,21,1,1,1,37500.0
0.85,EX3,613,23,3,3,1,37500.0
0.85,EX3,619,28,3,3,1,37500.0
0.85,EX3,621,23,2,2,1,37500.0
0.85,EX3,624,30,3,3,1,37500.0
0.85,EX3,630,29,2,2,1,37500.0
0.85,EX3,633,26,3,3,1,37500.0
0.85,EX3,634,23,0,0,0,37500.0
0.85,EX3,635,21,3,2,1,37500.0
0.85,EX3,636,23,2,2,1,37500.0
0.85,EX3,647,24,0,0,0,37500.0
0.85,EX3,649,23,2,2,1,37500.0
0.85,EX3,653,26,5,5,2,37500.0
0.85,EX3,661,20,0,0,0,37500.0
0.85,EX3,662,22,1,1,1,37500.0
0.95,EX0,2,42,2,1,1,37500.0
0.95,EX0,6,43,1,1,1,37500.0
0.95,EX0,10,47,6,6,6,37500.0
0.95,EX0,18,43,1,1,1,37500.0
0.95,EX0,24,51,1,1,1,37500.0
0.95,EX0,30,45,1,1,1,37500.0
0.95,EX0,31,41,0,0,0,37500.0
0.95,EX0,39,47,0,0,0,37500.0
0.95,EX0,41,40,2,2,2,37500.0
0.95,EX0,44,52,0,0,0,37500.0
0.95,EX0,49,37,1,1,1,37500.0
0.95,EX0,54,37,0,0,0,37500.0
0.95,EX0,55,55,2,2,2,37500.0
0.95,EX0,56,47,1,1,1,37500.0
0.95,EX0,60,52,1,1,1,37500.0
0.95,EX0,63,50,0,0,0,37500.0
0.95,EX0,65,45,0,0,0,37500.0
0.95,EX0,69,40,0,0,0,37500.0
0.95,EX0,70,38,2,2,2,37500.0
0.95,EX0,72,49,1,1,1,37500.0
0.95,EX0,76,45,2,2,2,37500.0
0.95,EX0,77,47,1,1,1,37500.0
0.95,EX0,78,56,0,0,0,37500.0
0.95,EX0,81,44,1,1,1,37500.0
0.95,EX0,82,45,2,2,2,37500.0
0.95,EX0,86,39,0,0,0,37500.0
0.95,EX0,90,43,3,2,2,37500.0
0.95,EX0,101,47,1,1,1,37500.0
0.95,EX0,108,44,2,2,2,37500.0
0.95,EX0,109,48,5,5,5,37500.0
0.95,EX0,110,34,3,3,3,37500.0
0.95,EX0,118,48,0,0,0,37500.0
0.95,EX0,120,35,1,1,1,37500.0
0.95,EX0,131,53,2,2,2,37500.0
0.95,EX0,132,36,2,2,2,37500.0
0.95,EX0,133,45,2,2,2,37500.0
0.95,EX0,135,54,0,0,0,37500.0
0.95,EX0,136,47,0,0,0,37500.0
0.95,EX0,148,51,2,2,2,37500.0
0.95,EX0,155,39,1,1,1,37500.0
0.95,EX0,158,54,0,0,0,37500.0
0.95,EX0,164,38,2,2,2,37500.0
0.95,EX0,165,47,3,3,3,37500.0
0.95,EX0,176,63,5,4,4,37500.0
0.95,EX0,181,49,1,1,1,37500.0
0.95,EX0,182,44,3,3,3,37500.0
0.95,EX0,192,44,2,2,2,37500.0
0.95,EX0,199,50,2,2,2,37500.0
0.95,EX0,204,45,2,2,2,37500.0
0.95,EX0,209,52,2,2,2,37500.0
0.95,EX0,210,54,3,2,2,37500.0
0.95,EX0,211,51,4,4,4,37500.0
0.95,EX0,213,47,1,1,1,37500.0
0.95,EX0,218,47,4,3,3,37500.0
0.95,EX0,220,48,3,3,3,37500.0
0.95,EX0,227,46,1,1,1,37500.0
0.95,EX0,235,49,2,2,2,37500.0
0.95,EX0,244,43,0,0,0,37500.0
0.95,EX0,249,43,0,0,0,37500.0
0.95,EX0,250,54,0,0,0,37500.0
0.95,EX0,256,47,1,1,1,37500.0
0.95,EX0,260,49,1,1,1,37500.0
0.95,EX0,271,41,1,1,1,37500.0
0.95,EX0,281,48,3,3,3,37500.0
0.95,EX0,284,44,1,1,1,37500.0
0.95,EX0,286,40,1,1,1,37500.0
0.95,EX0,291,45,1,1,1,37500.0
0.95,EX0,292,50,3,3,3,37500.0
0.95,EX0,296,40,2,2,2,37500.0
0.95,EX0,302,61,1,1,1,37500.0
0.95,EX0,304,47,0,0,0,37500.0
0.95,EX0,310,32,1,1,1,37500.0
0.95,EX0,314,45,1,1,1,37500.0
0.95,EX0,318,43,3,3,3,37500.0
0.95,EX0,329,45,2,2,2,37500.0
0.95,EX0,333,50,3,2,2,37500.0
0.95,EX0,338,52,1,0,0,37500.0
0.95,EX0,341,50,2,2,2,37500.0
0.95,EX0,353,63,3,3,3,37500.0
0.95,EX0,360,51,4,4,4,37500.0
0.95,EX0,361,44,3,3,3,37500.0
0.95,EX0,369,44,1,1,1,37500.0
0.95,EX0,388,45,2,2,2,37500.0
0.95,EX0,390,36,0,0,0,37500.0
0.95,EX0,393,56,1,1,1,37500.0
0.95,EX0,399,51,1,1,1,37500.0
0.95,EX0,411,44,0,0,0,37500.0
0.95,EX0,417,48,4,4,4,37500.0
0.95,EX0,436,48,3,2,2,37500.0
0.95,EX0,443,53,1,1,1,37500.0
0.95,EX0,446,37,1,1,1,37500.0
0.95,EX0,447,52,1,1,1,37500.0
0.95,EX0,448,41,1,1,1,37500.0
0.95,EX0,462,46,3,2,2,37500.0
0.95,EX0,465,45,3,3,3,37500.0
0.95,EX0,467,52,3,3,3,37500.0
0.95,EX0,468,55,3,3,3,37500.0
0.95,EX0,469,46,1,1,1,37500.0
0.95,EX0,470,49,2,2,2,37500.0
0.95,EX0,473,41,1,1,1,37500.0
0.95,EX0,477,39,0,0,0,37500.0
0.95,EX0,479,47,1,1,1,37500.0
0.95,EX0,494,43,2,2,2,37500.0
0.95,EX0,507,42,0,0,0,37500.0
0.95,EX0,509,40,0,0,0,37500.0
0.95,EX0,519,42,1,1,1,37500.0
0.95,EX0,531,40,0,0,0,37500.0
0.95,EX0,533,44,3,3,3,37500.0
0.95,EX0,535,46,0,0,0,37500.0
0.95,EX0,537,52,2,1,1,37500.0
0.95,EX0,548,41,1,1,1,37500.0
0.95,EX0,549,42,1,1,1,37500.0
0.95,EX0,551,46,0,0,0,37500.0
0.95,EX0,553,57,3,3,3,37500.0
0.95,EX0,572,47,1,1,1,37500.0
0.95,EX0,574,41,0,0,0,37500.0
0.95,EX0,584,44,0,0,0,37500.0
0.95,EX0,595,40,0,0,0,37500.0
0.95,EX0,596,46,3,3,3,37500.0
0.95,EX0,610,46,1,1,1,37500.0
0.95,EX0,613,45,3,3,3,37500.0
0.95,EX0,619,60,2,2,2,37500.0
0.95,EX0,621,42,0,0,0,37500.0
0.95,EX0,624,53,2,2,2,37500.0
0.95,EX0,630,46,0,0,0,37500.0
0.95,EX0,633,51,0,0,0,37500.0
0.95,EX0,634,42,0,0,0,37500.0
0.95,EX0,635,53,3,3,3,37500.0
0.95,EX0,636,42,2,2,2,37500.0
0.95,EX0,647,42,1,1,1,37500.0
0.95,EX0,649,45,0,0,0,37500.0
0.95,EX0,653,53,1,1,1,37500.0
0.95,EX0,661,41,1,1,1,37500.0
0.95,EX0,662,48,3,3,3,37500.0
0.95,EX1,2,40,1,1,1,37500.0
0.95,EX1,6,44,1,1,1,37500.0
0.95,EX1,10,41,2,2,2,37500.0
0.95,EX1,18,39,0,0,0,37500.0
0.95,EX1,24,50,2,2,2,37500.0
0.95,EX1,30,37,3,2,2,37500.0
0.95,EX1,31,38,1,0,0,37500.0
0.95,EX1,39,44,2,1,1,37500.0
0.95,EX1,41,41,3,3,3,37500.0
0.95,EX1,44,44,0,0,0,37500.0
0.95,EX1,49,34,1,1,1,37500.0
0.95,EX1,54,39,1,1,1,37500.0
0.95,EX1,55,56,3,3,3,37500.0
0.95,EX1,56,43,2,2,2,37500.0
0.95,EX1,60,49,3,3,3,37500.0
0.95,EX1,63,44,0,0,0,37500.0
0.95,EX1,65,44,2,2,2,37500.0
0.95,EX1,69,43,1,1,1,37500.0
0.95,EX1,70,39,3,2,2,37500.0
0.95,EX1,72,44,4,4,4,37500.0
0.95,EX1,76,43,1,1,1,37500.0
0.95,EX1,77,46,3,3,3,37500.0
0.95,EX1,78,57,2,2,2,37500.0
0.95,EX1,81,46,5,5,5,37500.0
0.95,EX1,82,39,2,2,2,37500.0
0.95,EX1,86,40,1,1,1,37500.0
0.95,EX1,90,42,3,3,3,37500.0
0.95,EX1,101,46,1,1,1,37500.0
0.95,EX1,108,41,3,3,3,37500.0
0.95,EX1,109,46,2,2,2,37500.0
0.95,EX1,110,25,2,2,2,37500.0
0.95,EX1,118,46,1,1,1,37500.0
0.95,EX1,120,36,2,2,2,37500.0
0.95,EX1,131,53,1,1,1,37500.0
0.95,EX1,132,40,1,1,1,37500.0
0.95,EX1,133,43,0,0,0,37500.0
0.95,EX1,135,51,2,2,2,37500.0
0.95,EX1,136,43,1,1,1,37500.0
0.95,EX1,148,49,3,3,3,37500.0
0.95,EX1,155,44,5,4,4,37500.0
0.95,EX1,158,49,1,1,1,37500.0
0.95,EX1,164,38,1,1,1,37500.0
0.95,EX1,165,48,5,5,5,37500.0
0.95,EX1,176,56,3,3,3,37500.0
0.95,EX1,181,50,0,0,0,37500.0
0.95,EX1,182,41,5,4,4,37500.0
0.95,EX1,192,42,2,2,2,37500.0
0.95,EX1,199,44,0,0,0,37500.0
0.95,EX1,204,48,5,5,5,37500.0
0.95,EX1,209,51,3,3,3,37500.0
0.95,EX1,210,46,0,0,0,37500.0
0.95,EX1,211,44,3,2,2,37500.0
0.95,EX1,213,47,0,0,0,37500.0
0.95,EX1,218,44,1,0,0,37500.0
0.95,EX1,220,48,6,6,6,37500.0
0.95,EX1,227,44,1,1,1,37500.0
0.95,EX1,235,46,1,0,0,37500.0
0.95,EX1,244,47,2,2,2,37500.0
0.95,EX1,249,44,1,1,1,37500.0
0.95,EX1,250,53,2,2,2,37500.0
0.95,EX1,256,47,2,2,2,37500.0
0.95,EX1,260,48,1,1,1,37500.0
0.95,EX1,271,43,6,5,5,37500.0
0.95,EX1,281,51,4,4,4,37500.0
0.95,EX1,284,44,1,1,1,37500.0
0.95,EX1,286,42,1,1,1,37500.0
0.95,EX1,291,42,1,1,1,37500.0
0.95,EX1,292,49,1,1,1,37500.0
0.95,EX1,296,45,2,2,2,37500.0
0.95,EX1,302,62,4,4,4,37500.0
0.95,EX1,304,52,4,4,4,37500.0
0.95,EX1,310,33,0,0,0,37500.0
0.95,EX1,314,39,0,0,0,37500.0
0.95,EX1,318,43,3,2,2,37500.0
0.95,EX1,329,46,3,3,3,37500.0
0.95,EX1,333,47,0,0,0,37500.0
0.95,EX1,338,48,1,1,1,37500.0
0.95,EX1,341,50,4,4,4,37500.0
0.95,EX1,353,65,5,5,5,37500.0
0.95,EX1,360,45,2,2,2,37500.0
0.95,EX1,361,46,3,3,3,37500.0
0.95,EX1,369,44,0,0,0,37500.0
0.95,EX1,388,46,2,2,2,37500.0
0.95,EX1,390,33,1,1,1,37500.0
0.95,EX1,393,54,3,3,3,37500.0
0.95,EX1,399,47,0,0,0,37500.0
0.95,EX1,411,44,0,0,0,37500.0
0.95,EX1,417,48,5,5,5,37500.0
0.95,EX1,436,42,2,2,2,37500.0
0.95,EX1,443,56,2,2,2,37500.0
0.95,EX1,446,35,1,1,1,37500.0
0.95,EX1,447,55,3,2,2,37500.0
0.95,EX1,448,38,0,0,0,37500.0
0.95,EX1,462,45,1,1,1,37500.0
0.95,EX1,465,43,1,1,1,37500.0
0.95,EX1,467,52,3,3,3,37500.0
0.95,EX1,468,53,2,2,2,37500.0
0.95,EX1,469,45,3,3,3,37500.0
0.95,EX1,470,48,4,4,4,37500.0
0.95,EX1,473,41,3,3,3,37500.0
0.95,EX1,477,38,1,1,1,37500.0
0.95,EX1,479,44,0,0,0,37500.0
0.95,EX1,494,41,2,2,2,37500.0
0.95,EX1,507,41,2,2,2,37500.0
0.95,EX1,509,39,1,1,1,37500.0
0.95,EX1,519,40,3,3,3,37500.0
0.95,EX1,531,41,2,2,2,37500.0
0.95,EX1,533,42,3,3,3,37500.0
0.95,EX1,535,47,1,1,1,37500.0
0.95,EX1,537,46,2,2,2,37500.0
0.95,EX1,548,40,2,2,2,37500.0
0.95,EX1,549,43,2,2,2,37500.0
0.95,EX1,551,44,1,1,1,37500.0
0.95,EX1,553,53,0,0,0,37500.0
0.95,EX1,572,48,2,2,2,37500.0
0.95,EX1,574,48,6,5,5,37500.0
0.95,EX1,584,41,1,1,1,37500.0
0.95,EX1,595,41,2,2,2,37500.0
0.95,EX1,596,40,2,2,2,37500.0
0.95,EX1,610,47,1,1,1,37500.0
0.95,EX1,613,40,0,0,0,37500.0
0.95,EX1,619,58,3,3,3,37500.0
0.95,EX1,621,43,0,0,0,37500.0
0.95,EX1,624,57,3,3,3,37500.0
0.95,EX1,630,43,3,3,3,37500.0
0.95,EX1,633,50,0,0,0,37500.0
0.95,EX1,634,40,0,0,0,37500.0
0.95,EX1,635,47,2,2,2,37500.0
0.95,EX1,636,44,1,1,1,37500.0
0.95,EX1,647,40,3,3,3,37500.0
0.95,EX1,649,50,3,3,3,37500.0
0.95,EX1,653,53,5,5,5,37500.0
0.95,EX1,661,39,3,3,3,37500.0
0.95,EX1,662,44,0,0,0,37500.0
0.95,EX2,2,44,2,2,2,37500.0
0.95,EX2,6,43,3,2,2,37500.0
0.95,EX2,10,48,0,0,0,37500.0
0.95,EX2,18,41,0,0,0,37500.0
0.95,EX2,24,53,2,2,2,37500.0
0.95,EX2,30,47,1,1,1,37500.0
0.95,EX2,31,41,1,1,1,37500.0
0.95,EX2,39,47,2,2,2,37500.0
0.95,EX2,41,33,0,0,0,37500.0
0.95,EX2,44,55,2,2,2,37500.0
0.95,EX2,49,43,1,1,1,37500.0
0.95,EX2,54,40,2,2,2,37500.0
0.95,EX2,55,55,3,3,3,37500.0
0.95,EX2,56,53,3,3,3,37500.0
0.95,EX2,60,54,2,2,2,37500.0
0.95,EX2,63,50,1,1,1,37500.0
0.95,EX2,65,44,1,0,0,37500.0
0.95,EX2,69,35,2,2,2,37500.0
0.95,EX2,70,37,5,5,5,37500.0
0.95,EX2,72,49,1,0,0,37500.0
0.95,EX2,76,46,0,0,0,37500.0
0.95,EX2,77,42,0,0,0,37500.0
0.95,EX2,78,60,2,2,2,37500.0
0.95,EX2,81,46,2,1,1,37500.0
0.95,EX2,82,47,2,2,2,37500.0
0.95,EX2,86,42,0,0,0,37500.0
0.95,EX2,90,40,1,1,1,37500.0
0.95,EX2,101,50,0,0,0,37500.0
0.95,EX2,108,38,0,0,0,37500.0
0.95,EX2,109,45,3,3,3,37500.0
0.95,EX2,110,32,0,0,0,37500.0
0.95,EX2,118,55,2,2,2,37500.0
0.95,EX2,120,33,0,0,0,37500.0
0.95,EX2,131,54,1,1,1,37500.0
0.95,EX2,132,37,0,0,0,37500.0
0.95,EX2,133,45,0,0,0,37500.0
0.95,EX2,135,55,1,1,1,37500.0
0.95,EX2,136,44,1,1,1,37500.0
0.95,EX2,148,51,1,1,1,37500.0
0.95,EX2,155,41,3,2,2,37500.0
0.95,EX2,158,52,0,0,0,37500.0
0.95,EX2,164,38,2,2,2,37500.0
0.95,EX2,165,52,4,4,4,37500.0
0.95,EX2,176,60,1,1,1,37500.0
0.95,EX2,181,50,0,0,0,37500.0
0.95,EX2,182,42,1,1,1,37500.0
0.95,EX2,192,42,1,1,1,37500.0
0.95,EX2,199,46,1,1,1,37500.0
0.95,EX2,204,51,2,2,2,37500.0
0.95,EX2,209,56,1,1,1,37500.0
0.95,EX2,210,51,0,0,0,37500.0
0.95,EX2,211,47,1,1,1,37500.0
0.95,EX2,213,48,1,1,1,37500.0
0.95,EX2,218,46,2,1,1,37500.0
0.95,EX2,220,45,1,1,1,37500.0
0.95,EX2,227,46,0,0,0,37500.0
0.95,EX2,235,50,1,1,1,37500.0
0.95,EX2,244,48,3,3,3,37500.0
0.95,EX2,249,43,0,0,0,37500.0
0.95,EX2,250,56,3,3,3,37500.0
0.95,EX2,256,42,0,0,0,37500.0
0.95,EX2,260,50,1,1,1,37500.0
0.95,EX2,271,47,3,3,3,37500.0
0.95,EX2,281,50,2,2,2,37500.0
0.95,EX2,284,47,0,0,0,37500.0
0.95,EX2,286,48,2,2,2,37500.0
0.95,EX2,291,45,5,5,5,37500.0
0.95,EX2,292,51,0,0,0,37500.0
0.95,EX2,296,42,0,0,0,37500.0
0.95,EX2,302,62,2,1,1,37500.0
0.95,EX2,304,45,0,0,0,37500.0
0.95,EX2,310,35,0,0,0,37500.0
0.95,EX2,314,47,3,3,3,37500.0
0.95,EX2,318,43,0,0,0,37500.0
0.95,EX2,329,48,0,0,0,37500.0
0.95,EX2,333,48,0,0,0,37500.0
0.95,EX2,338,55,2,1,1,37500.0
0.95,EX2,341,51,2,2,2,37500.0
0.95,EX2,353,66,2,1,1,37500.0
0.95,EX2,360,50,2,2,2,37500.0
0.95,EX2,361,46,3,3,3,37500.0
0.95,EX2,369,45,2,2,2,37500.0
0.95,EX2,388,49,1,1,1,37500.0
0.95,EX2,390,36,0,0,0,37500.0
0.95,EX2,393,57,1,1,1,37500.0
0.95,EX2,399,48,0,0,0,37500.0
0.95,EX2,411,48,3,3,3,37500.0
0.95,EX2,417,45,1,1,1,37500.0
0.95,EX2,436,43,0,0,0,37500.0
0.95,EX2,443,50,0,0,0,37500.0
0.95,EX2,446,36,5,5,5,37500.0
0.95,EX2,447,51,1,1,1,37500.0
0.95,EX2,448,36,0,0,0,37500.0
0.95,EX2,462,47,1,1,1,37500.0
0.95,EX2,465,44,1,1,1,37500.0
0.95,EX2,467,54,3,3,3,37500.0
0.95,EX2,468,58,4,4,4,37500.0
0.95,EX2,469,42,0,0,0,37500.0
0.95,EX2,470,55,1,0,0,37500.0
0.95,EX2,473,42,2,2,2,37500.0
0.95,EX2,477,41,1,1,1,37500.0
0.95,EX2,479,44,0,0,0,37500.0
0.95,EX2,494,43,0,0,0,37500.0
0.95,EX2,507,47,2,2,2,37500.0
0.95,EX2,509,42,0,0,0,37500.0
0.95,EX2,519,48,3,3,3,37500.0
0.95,EX2,531,45,0,0,0,37500.0
0.95,EX2,533,44,2,2,2,37500.0
0.95,EX2,535,47,0,0,0,37500.0
0.95,EX2,537,48,0,0,0,37500.0
0.95,EX2,548,37,0,0,0,37500.0
0.95,EX2,549,41,1,1,1,37500.0
0.95,EX2,551,46,0,0,0,37500.0
0.95,EX2,553,56,1,1,1,37500.0
0.95,EX2,572,50,3,3,3,37500.0
0.95,EX2,574,38,0,0,0,37500.0
0.95,EX2,584,41,2,2,2,37500.0
0.95,EX2,595,41,1,1,1,37500.0
0.95,EX2,596,39,1,1,1,37500.0
0.95,EX2,610,44,0,0,0,37500.0
0.95,EX2,613,43,1,1,1,37500.0
0.95,EX2,619,62,3,3,3,37500.0
0.95,EX2,621,42,1,1,1,37500.0
0.95,EX2,624,51,2,2,2,37500.0
0.95,EX2,630,52,0,0,0,37500.0
0.95,EX2,633,51,0,0,0,37500.0
0.95,EX2,634,43,0,0,0,37500.0
0.95,EX2,635,55,2,2,2,37500.0
0.95,EX2,636,46,2,2,2,37500.0
0.95,EX2,647,46,2,2,2,37500.0
0.95,EX2,649,51,4,4,4,37500.0
0.95,EX2,653,46,2,2,2,37500.0
0.95,EX2,661,41,0,0,0,37500.0
0.95,EX2,662,46,0,0,0,37500.0
0.95,EX3,2,48,3,3,3,37500.0
0.95,EX3,6,45,3,3,3,37500.0
0.95,EX3,10,59,9,9,9,37500.0
0.95,EX3,18,44,2,2,2,37500.0
0.95,EX3,24,59,4,4,4,37500.0
0.95,EX3,30,50,3,3,3,37500.0
0.95,EX3,31,46,3,3,3,37500.0
0.95,EX3,39,48,4,4,4,37500.0
0.95,EX3,41,38,7,5,5,37500.0
0.95,EX3,44,59,5,5,5,37500.0
0.95,EX3,49,46,3,3,3,37500.0
0.95,EX3,54,42,6,6,6,37500.0
0.95,EX3,55,60,2,2,2,37500.0
0.95,EX3,56,49,1,1,1,37500.0
0.95,EX3,60,52,1,1,1,37500.0
0.95,EX3,63,51,0,0,0,37500.0
0.95,EX3,65,51,6,5,5,37500.0
0.95,EX3,69,45,4,3,3,37500.0
0.95,EX3,70,42,6,6,6,37500.0
0.95,EX3,72,54,6,6,6,37500.0
0.95,EX3,76,46,2,2,2,37500.0
0.95,EX3,77,47,3,3,3,37500.0
0.95,EX3,78,65,2,2,2,37500.0
0.95,EX3,81,46,4,4,4,37500.0
0.95,EX3,82,51,4,3,3,37500.0
0.95,EX3,86,46,5,5,5,37500.0
0.95,EX3,90,45,2,2,2,37500.0
0.95,EX3,101,56,6,6,6,37500.0
0.95,EX3,108,43,2,2,2,37500.0
0.95,EX3,109,54,6,6,6,37500.0
0.95,EX3,110,34,1,1,1,37500.0
0.95,EX3,118,57,4,4,4,37500.0
0.95,EX3,120,37,3,3,3,37500.0
0.95,EX3,131,62,7,7,7,37500.0
0.95,EX3,132,39,3,3,3,37500.0
0.95,EX3,133,48,3,3,3,37500.0
0.95,EX3,135,57,3,1,1,37500.0
0.95,EX3,136,51,5,4,4,37500.0
0.95,EX3,148,57,4,4,4,37500.0
0.95,EX3,155,41,2,2,2,37500.0
0.95,EX3,158,56,2,2,2,37500.0
0.95,EX3,164,43,4,4,4,37500.0
0.95,EX3,165,52,5,5,5,37500.0
0.95,EX3,176,65,6,5,5,37500.0
0.95,EX3,181,56,5,5,5,37500.0
0.95,EX3,182,51,11,11,11,37500.0
0.95,EX3,192,47,5,5,5,37500.0
0.95,EX3,199,49,4,4,4,37500.0
0.95,EX3,204,49,3,3,3,37500.0
0.95,EX3,209,56,2,2,2,37500.0
0.95,EX3,210,59,5,5,5,37500.0
0.95,EX3,211,49,1,1,1,37500.0
0.95,EX3,213,52,2,2,2,37500.0
0.95,EX3,218,50,4,4,4,37500.0
0.95,EX3,220,52,7,7,7,37500.0
0.95,EX3,227,49,2,2,2,37500.0
0.95,EX3,235,56,5,5,5,37500.0
0.95,EX3,244,54,5,5,5,37500.0
0.95,EX3,249,50,4,4,4,37500.0
0.95,EX3,250,59,2,1,1,37500.0
0.95,EX3,256,53,4,4,4,37500.0
0.95,EX3,260,54,5,5,5,37500.0
0.95,EX3,271,55,8,8,8,37500.0
0.95,EX3,281,58,4,4,4,37500.0
0.95,EX3,284,53,3,3,3,37500.0
0.95,EX3,286,52,5,5,5,37500.0
0.95,EX3,291,49,2,2,2,37500.0
0.95,EX3,292,55,1,1,1,37500.0
0.95,EX3,296,50,8,8,8,37500.0
0.95,EX3,302,66,4,4,4,37500.0
0.95,EX3,304,54,7,5,5,37500.0
0.95,EX3,310,38,2,1,1,37500.0
0.95,EX3,314,47,3,2,2,37500.0
0.95,EX3,318,41,2,2,2,37500.0
0.95,EX3,329,58,8,8,8,37500.0
0.95,EX3,333,57,4,4,4,37500.0
0.95,EX3,338,53,3,3,3,37500.0
0.95,EX3,341,57,5,5,5,37500.0
0.95,EX3,353,72,5,5,5,37500.0
0.95,EX3,360,54,3,3,3,37500.0
0.95,EX3,361,50,4,4,4,37500.0
0.95,EX3,369,47,2,2,2,37500.0
0.95,EX3,388,54,6,6,6,37500.0
0.95,EX3,390,39,4,3,3,37500.0
0.95,EX3,393,63,3,3,3,37500.0
0.95,EX3,399,48,0,0,0,37500.0
0.95,EX3,411,52,3,3,3,37500.0
0.95,EX3,417,48,4,4,4,37500.0
0.95,EX3,436,47,6,5,5,37500.0
0.95,EX3,443,53,0,0,0,37500.0
0.95,EX3,446,40,4,4,4,37500.0
0.95,EX3,447,55,3,3,3,37500.0
0.95,EX3,448,46,8,8,8,37500.0
0.95,EX3,462,50,4,4,4,37500.0
0.95,EX3,465,47,4,4,4,37500.0
0.95,EX3,467,60,6,6,6,37500.0
0.95,EX3,468,59,7,7,7,37500.0
0.95,EX3,469,48,2,2,2,37500.0
0.95,EX3,470,55,5,5,5,37500.0
0.95,EX3,473,43,1,1,1,37500.0
0.95,EX3,477,46,4,4,4,37500.0
0.95,EX3,479,50,5,4,4,37500.0
0.95,EX3,494,46,4,4,4,37500.0
0.95,EX3,507,47,4,4,4,37500.0
0.95,EX3,509,44,2,2,2,37500.0
0.95,EX3,519,48,3,3,3,37500.0
0.95,EX3,531,47,1,1,1,37500.0
0.95,EX3,533,44,6,6,6,37500.0
0.95,EX3,535,54,7,7,7,37500.0
0.95,EX3,537,58,8,7,7,37500.0
0.95,EX3,548,45,6,6,6,37500.0
0.95,EX3,549,47,3,3,3,37500.0
0.95,EX3,551,47,0,0,0,37500.0
0.95,EX3,553,65,9,8,8,37500.0
0.95,EX3,572,53,6,5,5,37500.0
0.95,EX3,574,49,2,2,2,37500.0
0.95,EX3,584,40,3,3,3,37500.0
0.95,EX3,595,42,3,3,3,37500.0
0.95,EX3,596,48,4,4,4,37500.0
0.95,EX3,610,51,4,4,4,37500.0
0.95,EX3,613,45,4,4,4,37500.0
0.95,EX3,619,58,2,2,2,37500.0
0.95,EX3,621,47,4,4,4,37500.0
0.95,EX3,624,59,5,5,5,37500.0
0.95,EX3,630,55,3,3,3,37500.0
0.95,EX3,633,56,2,2,2,37500.0
0.95,EX3,634,41,0,0,0,37500.0
0.95,EX3,635,53,5,5,5,37500.0
0.95,EX3,636,48,3,3,3,37500.0
0.95,EX3,647,49,5,5,5,37500.0
0.95,EX3,649,50,2,2,2,37500.0
0.95,EX3,653,59,8,7,7,37500.0
0.95,EX3,661,42,2,2,2,37500.0
0.95,EX3,662,47,3,3,3,37500.0
